Time,Headlines
18-Jul-20,Johnson is asking Santa for a Christmas recovery
18-Jul-20,‘I now fear the worst’: four grim tales of working life upended by Covid-19
18-Jul-20,Five key areas Sunak must tackle to serve up economic recovery
18-Jul-20,Covid-19 leaves firms ‘fatally ill-prepared’ for no-deal Brexit
18-Jul-20,"The Week in Patriarchy  


  Bacardi's 'lady vodka': the latest in a long line of depressing gendered products"
18-Jul-20,English councils call for smoking ban outside pubs and cafes
18-Jul-20,Can Tesla justify a $300bn valuation?
18-Jul-20,Empty city centres: 'I’m not sure it will ever be the same again'
18-Jul-20,Democratising finance for all? An investment app for amateurs and a student trader's death
18-Jul-20,"Homebuyer loses £300,000 to fraudsters – but gets it back after we step in"
18-Jul-20,St Mawes named UK’s top seaside resort in Which? poll
18-Jul-20,Atol protection to be extended to vouchers on Covid-19 cancellations
18-Jul-20,"Leaseholders billed up to £115,000 each to remove Grenfell-style cladding"
18-Jul-20,Boohoo calls for licensing scheme to ensure textile factories fit to trade
18-Jul-20,All Asda HQ staff told to return to office at least once a week from August
18-Jul-20,"Ask and Zizzi to close 75 outlets, threatening up to 1,200 jobs"
18-Jul-20,British Airways retires iconic Boeing 747 fleet – in pictures
18-Jul-20,World Bank calls on creditors to cut poorest nations' debt payments
18-Jul-20,British Airways retires Boeing 747 fleet as Covid-19 hits travel
18-Jul-20,What will changes to England's lockdown rules mean for me?
17-Jul-20,In search of a new economics for Covid-19 era
17-Jul-20,Business live  Markets hope for progress over EU recovery fund; US consumer confidence drops – as it happened
17-Jul-20,"I flew the jumbo for 10 years and never got over how big it was, says 747 pilot"
17-Jul-20,BA begins to carry out its 'fire and rehire' threat to jobs
17-Jul-20,"Johnson's coronavirus workplace guidance confused, warn unions"
17-Jul-20,What will be changing in Boris Johnson's 'return to normality'
17-Jul-20,Lloyds to increase number of black staff in senior roles
17-Jul-20,Silicon Valley has deep pockets for African startups – if you’re not African
17-Jul-20,'What’s going to give?': millions fret as Republicans threaten to halt $600 weekly lifesaver
17-Jul-20,Future of education  'The MIT of the north': how the government plans to transform ex-mining towns
17-Jul-20,Battery firm chooses Welsh site for Britain's first gigafactory
17-Jul-20,Netflix shares drop despite positive second-quarter earnings
17-Jul-20,"Nils Pratley on finance  


  Centrica left it far too late to tackle its problems"
17-Jul-20,Here's another virus terrorising businesses and causing havoc: ransomware
17-Jul-20,"$11.3bn in IMF Covid-19 money is being used to service debt, says group"
17-Jul-20,A fifth of Brazilian soy in Europe is result of deforestation
17-Jul-20,Public sector pension discrimination could cost UK taxpayer £17bn
17-Jul-20,World's largest oil firm agrees to carbon cuts to tackle climate crisis
17-Jul-20,Boohoo shares rise 12% after co-founders pump £15m into firm
17-Jul-20,UK government orders halt to Randox Covid-19 tests over safety issues
16-Jul-20,Canary Wharf traders and landlord bank on return to offices
16-Jul-20,Number of UK problem gamblers seeking help soars in lockdown
16-Jul-20,British Gas owner 'using Covid-19 as smokescreen to alter staff contracts'
16-Jul-20,'It's disrupted our entire lives': UK workers on losing their jobs
16-Jul-20,Business live  China shares suffer biggest fall since February; US jobless claims still high - as it happened
16-Jul-20,"More than 1,600 UK jobs at risk at casino firm Genting"
16-Jul-20,Royalties investment firm buys catalogue of Lady Gaga collaborator
16-Jul-20,"Pizza Express to close up to 75 restaurants, risking 1,000 jobs"
16-Jul-20,Rishi Sunak’s Covid-19 package recycled up to £10bn spending – IFS
16-Jul-20,Next in final stages of buying UK arm of Victoria's Secret
16-Jul-20,"Human rights in focus  Ethical labels not fit for purpose, report warns consumers"
16-Jul-20,UK banks may have to flag up plans to shut branches or cash machines
16-Jul-20,1.3m more file for unemployment as US economy continues to reel
16-Jul-20,Southbank Centre warns of 400 job losses amid coronavirus crisis
16-Jul-20,UK's hidden problem of rising unemployment may soon be exposed
16-Jul-20,"UK paid employment falls by almost 650,000 as Covid-19 crisis bites"
16-Jul-20,Banks propose student loan-style scheme for struggling UK businesses
16-Jul-20,Family fortunes of wealthy increase as super-rich ride coronavirus storm
16-Jul-20,Treasury mulls plan to set up coronavirus toxic debt body to save UK small businesses
16-Jul-20,"29% of UK businesses to cut jobs in next three months, survey says"
15-Jul-20,"'Incredible' Boohoo denying knowledge of factory allegations, says MP"
15-Jul-20,Treasury mulls plan to set up coronavirus toxic debt body to save UK small businesses
15-Jul-20,"Nils Pratley on finance  


  Margrethe Vestager was 100% correct over public mood on Apple tax case"
15-Jul-20,Fear of Pizza Express closures as chain faces takeover by bondholders
15-Jul-20,'Not much difference': few takers on first day of hospitality VAT cut
15-Jul-20,Capital gains tax review: your questions answered
15-Jul-20,Asos considers action against Leicester supplier in ethical audit
15-Jul-20,Business live  Chancellor Rishi Sunak warns of 'tough choices' to address public finances - as it happened
15-Jul-20,BBC announces further 70 job cuts in news division
15-Jul-20,"Claim Amanda Staveley in charge of Abu Dhabi Barclays deal 'a fantasy', court told"
15-Jul-20,Trump claims credit for UK Huawei ban as China says move 'disheartening' – video
15-Jul-20,Buzz Bingo to close 26 halls across UK with loss of up to 573 jobs
15-Jul-20,"UK ban on Huawei in 5G network groundless, says Chinese ambassador"
15-Jul-20,UK fast-food and coffee chains cut prices as VAT relief comes into effect
15-Jul-20,"Apple does not need to pay €13bn Irish tax bill, EU court rules"
15-Jul-20,‘I can’t afford to turn away business’: view from shops on face mask rules
15-Jul-20,The Number Bias by Sanne Blauw review – how numbers can mislead us
15-Jul-20,Chinese media calls for 'pain' over UK Huawei ban as Trump claims credit
15-Jul-20,Matt Hancock rules out mandatory face masks in offices
15-Jul-20,Burberry to cut 500 jobs worldwide in £55m cost-saving drive
15-Jul-20,UK inflation rises as game console prices increase in lockdown
15-Jul-20,BFI diversity standards 'failing to tackle race discrimination in UK film industry'
15-Jul-20,"Your problems, with Anna Tims  Floored as Harveys constantly failed on its promises to deliver"
15-Jul-20,Governments put 'green recovery' on the backburner
15-Jul-20,The green recovery  UK government planning new green investment bank
15-Jul-20,Stamp duty cut fuels surge of interest in London commuter belt
15-Jul-20,"UK energy efficiency push offers just a third of the investment needed, says report"
15-Jul-20,UK launches first online service for groceries in reusable packing
15-Jul-20,Rishi Sunak's capital gains tax review may usher in higher taxes on wealthy
15-Jul-20,Virgin Atlantic: a successful non-intervention by the Treasury
15-Jul-20,The Guardian view on Covid-19 economics: the austerity con of deficit hysteria
15-Jul-20,Former Barclays boss apologises for Amanda Staveley 'tart' reference
15-Jul-20,Hospitality VAT cut may not be passed on to UK consumers
15-Jul-20,Oprah Winfrey and Jay-Z tap into rising alt-milk star Oatly
15-Jul-20,"Weak recovery could make unemployment worse than 1980s levels, warns OBR"
15-Jul-20,Treasury forecaster's three stark predictions for Britain's economy
15-Jul-20,UK accounting firms criticised by watchdog for ‘unacceptable’ work
15-Jul-20,Business live  Hopes for V-shaped recovery fade as UK economy grows 1.8% in May - as it happened
15-Jul-20,Virgin Atlantic agrees £1.2bn rescue deal amid coronavirus slump
15-Jul-20,Ireland could randomly test tourists from high-risk countries for Covid-19
14-Jul-20,British Airways to sell art collection to ease Covid-19 pressures
14-Jul-20,UK's growth figures dim hopes of V-shaped recovery from Covid-19
14-Jul-20,Flood strategy 'at odds with Boris Johnson push for mass housing'
14-Jul-20,"UK economy may not recover until end of 2022, Treasury forecaster warns"
14-Jul-20,Face masks 'will deter young shoppers' says JD Sports chairman
14-Jul-20,Ocado has waiting list of 1 million customers wanting to sign up
14-Jul-20,"Huawei to be stripped of role in UK's 5G network by 2027, Dowden confirms"
14-Jul-20,"End of the office: the quiet, grinding loneliness of working from home"
14-Jul-20,Britain's economy returns to growth more slowly than expected
14-Jul-20,"Sunak’s Covid-19 package may not be value for money, warns Treasury economist"
14-Jul-20,UK retail sales in June show signs of recovery after covid lockdown
14-Jul-20,The fast fashion fix: 20 ways to stop buying new clothes for ever
14-Jul-20,Government hopes cut in red tape will triple UK's battery capacity
14-Jul-20,"After mixed messages and mess-ups, Johnson bows to the inevitable"
14-Jul-20,UK's expected U-turn on Huawei fails to satisfy Tory rebels
14-Jul-20,"Nils Pratley on finance  


  Sunak cannot just hope other big firms will follow Primark's furlough stance"
14-Jul-20,Asda equal pay dispute goes to UK supreme court in virtual hearing
14-Jul-20,Boohoo shares drop 18% as new Leicester factory reports threaten sales
14-Jul-20,Nationwide to offer low-deposit mortgages after stamp duty move
14-Jul-20,"Grogonomics  


  To make jobseeker fit for purpose, its temporary rise should be permanent"
13-Jul-20,Offshore wind energy investment quadruples despite Covid-19 slump
13-Jul-20,Halfords to close up to 60 sites despite rise in bike sales in lockdown
13-Jul-20,Business live  Markets strengthen amid economic recovery hopes - as it happened
13-Jul-20,What is Huawei and why is its role in UK's 5G so controversial?
13-Jul-20,"G4S planning more than 1,000 job losses in cash-handling services"
13-Jul-20,Johnnie Walker maker creates plastic-free paper-based spirits bottle
13-Jul-20,Gold trade body urged to suspend refinery over alleged abuses in Tanzania
13-Jul-20,Work begins in Lincolnshire on world's longest subsea power cable
13-Jul-20,Quiz suspends clothing supplier over Leicester subcontractor concerns
13-Jul-20,BT boss warns of outages and security risks if UK ditches Huawei
13-Jul-20,"Three in four UK firms unprepared for Brexit, study shows"
13-Jul-20,UK tobacco sales fell faster after plain packaging rules came into force
13-Jul-20,"Shoppers shun high streets in England and Northern Ireland, data shows"
13-Jul-20,Bono campaign group accuses UK of wasting international aid budget
13-Jul-20,"Project Syndicate economists  


  Covid-19 is no excuse for sovereign creditors to move the goalposts on debt"
13-Jul-20,Super-rich call for higher taxes on wealthy to pay for Covid-19 recovery
13-Jul-20,Priti Patel to unveil details of post-Brexit immigration plans
13-Jul-20,Primark turns down £30m windfall from job retention bonus
13-Jul-20,Post-furlough sums don’t add up for me
13-Jul-20,Corporations begin cautious return to UK offices after lockdown
12-Jul-20,"Economics viewpoint  


  Until Covid-19 uncertainty melts away there's little chance of full economic recovery"
12-Jul-20,Of course there's a future for the British fishing industry – on stage
12-Jul-20,The simplest way to close the racial wealth gap? Direct cash payments
12-Jul-20,Enough of the psychobabble. Racism is not something to fix with therapy
12-Jul-20,‘They just got away with paying men more …’ Milestone looms in Asda equal pay fight
12-Jul-20,Precious metal: the gold-standard investment when a crisis hits?
12-Jul-20,"The shifting patterns of English  


  May I have a word about… why it’s a bloodbath on the streets"
12-Jul-20,"Observer business agenda  Sunak will say things are looking up, but OBR has less faith in a rebound"
12-Jul-20,"Business leader  


  Investors are selling Boohoo shares now. They could have intervened far earlier"
12-Jul-20,Is too much trade at stake for Britain to stand up to Beijing?
12-Jul-20,Where in Britain does China spend its money?
12-Jul-20,"Electric cars: five best buys, from new models to used bargains"
12-Jul-20,Boris Johnson urged to clarify message on wearing face masks in shops
12-Jul-20,Covid-19 has revealed a pre-existing pandemic of poverty that benefits the rich
12-Jul-20,"‘My parents helped me pack lube’: from sex toys to bidets, the lockdown businesses that boomed"
12-Jul-20,'Pensioners are already suffering': responses to the summer statement
12-Jul-20,"Leicester factory put lives at risk during lockdown, claims garment worker"
12-Jul-20,Vast Brexit customs clearance centre to be built in Kent
12-Jul-20,G4S fined £44m by Serious Fraud Office over electronic tagging
12-Jul-20,The billionaire Boohoo family who started with a market stall in Manchester
10-Jul-20,Estate agents in England report surge of interest as tax cut spurs on homebuyers
10-Jul-20,Boohoo shareholder sells off shares in firm worth nearly £80m
10-Jul-20,West End landlord collects less than a third of rent in June
10-Jul-20,UK travel companies 'must comply with laws on refunds or face legal action'
10-Jul-20,Boohoo co-founder Jalal Kamani linked to Leicester garment factory
10-Jul-20,Divided Libya to restart oil production after six-month shutdown
10-Jul-20,"Business live  England gets ready to reopen gyms, pools and nail bars as Covid-19 lockdown eases - as it happened"
10-Jul-20,The age of extinction  Boris Johnson says newts are a drag on the UK’s economy. Here’s why he’s wrong
10-Jul-20,"Gyms, pools and nail bars: what the new rules in England allow"
10-Jul-20,Other lives  Mike Wilson obituary
10-Jul-20,Julia Sawalha furious after being told she is 'too old' for Chicken Run sequel
10-Jul-20,‘This isn’t really Somerset’: how the rich took over Bruton
10-Jul-20,Royal Mail fined £1.6m for late deliveries and stamp overcharging
10-Jul-20,Culture in peril  Coronavirus: hospitality VAT cut will apply to concerts and music festivals
10-Jul-20,One in 10 of Restaurant Group outlets will not reopen this year
10-Jul-20,How will we know the US economy is recovering? Here's what I'm watching
10-Jul-20,Gym Group to reopen most branches in England from 25 July
10-Jul-20,Pubs and restaurants in England trade at half their pre-virus levels
10-Jul-20,"Nils Pratley on finance  


  Sharon White's radicalism at John Lewis is sorely needed"
10-Jul-20,US push to ease global energy controls as it hands fossil fuels $3bn
09-Jul-20,Boohoo shares bounce back after pledge to improve factory conditions
09-Jul-20,Kent airport gets green light to reopen as international hub
09-Jul-20,"Business live  Boots to cut 4,000 jobs as John Lewis to shut eight stores, putting 1,300 jobs at risk - as it happened"
09-Jul-20,Seven ways to help garment workers
09-Jul-20,"Boots and John Lewis to cut 5,300 jobs and close stores"
09-Jul-20,'Left in limbo': Leicester fears local lockdown will go on until mid-August
09-Jul-20,Man arrested in Solihull over suspected £500k furlough fraud
09-Jul-20,'No masks': Wagamama criticised over Rishi Sunak photo op
09-Jul-20,'Phones ringing off the hook' at estate agents after stamp duty cut
09-Jul-20,"Barclays bosses wrote Amanda Staveley off as 'dolly bird', court told"
09-Jul-20,"Sunak's jobs policies badly timed and poorly targeted, says IFS"
09-Jul-20,Our film critic's first drive-in: 'I quietly squeak with excitement'
09-Jul-20,Rolls-Royce burned through £3bn in cash owing to Covid-19 crisis
09-Jul-20,The pelvic mesh scandal makes it clear: doctors must declare any funding
09-Jul-20,"Boots to cut 4,000 jobs and close stores after dramatic fall in shopper numbers"
09-Jul-20,Workers fight back as US hotels try to lay off staff and hire on the cheap
09-Jul-20,Second administrator to scrutinise Laura Ashley collapse
09-Jul-20,Summer statement 2020: IFS airs doubts on 'unprecedented' UK economic stimulus
09-Jul-20,"John Lewis shuts eight stores with expected loss of 1,300 jobs"
09-Jul-20,China has shown it is willing to pay the economic price of suppressing Hong Kong
09-Jul-20,Uber Eats to deliver your supermarket shopping with Asda tie-up
09-Jul-20,"Ofgem's £25bn plan puts climate goals at risk, say energy firms"
09-Jul-20,NBN Co to sack 800 workers as ‘initial build’ of network finishes after 10 years
09-Jul-20,Today in Focus  The Leicester garment factories exposed by Covid-19
09-Jul-20,"Rio Tinto smelter in New Zealand to close with loss of 1,000 jobs"
09-Jul-20,UK housing market's post-lockdown bounce 'might run out of steam'
09-Jul-20,Mass unemployment feared despite Rishi Sunak's 'plan for jobs'
09-Jul-20,'There are too many uncertainties': reactions to the summer statement
09-Jul-20,International aviation and shipping likely to be added to UK's net zero carbon target
09-Jul-20,Chancellor's 'eat out to help out' plan: how to get value for money
09-Jul-20,Unions urge Rishi Sunak to do more on unemployment
09-Jul-20,"VAT cut for restaurants, pub meals and hotels: what will it mean for you?"
09-Jul-20,Chancellor's stock peaks with 'nudge' summer statement
09-Jul-20,'Not what a green recovery looks like': Rishi Sunak's plan gets mixed response
09-Jul-20,"Stamp duty holiday may revive housing market, say experts"
09-Jul-20,"Politics live with Andrew Sparrow  UK coronavirus live: Rishi Sunak unveils stamp duty cut, furlough bonus and August discount for eating out – as it happened"
09-Jul-20,UK business leaders warn over closure of furlough scheme
09-Jul-20,Boohoo to launch independent review of UK supply chain
09-Jul-20,"May worst month for Covid-19 impact on UK job market, ONS figures show"
09-Jul-20,Devolved nations call on Treasury for billions in extra spending
08-Jul-20,Boohoo must take fashion more seriously after factory scandal
08-Jul-20,Scotland to keep 14-day quarantine for travellers from Spain
08-Jul-20,UK nominates Liam Fox to lead World Trade Organization
08-Jul-20,Rishi Sunak unveils stamp duty holiday and hospitality VAT cut
08-Jul-20,"Ryanair to keep on UK-based crew in return for pay cuts, say unions"
08-Jul-20,"Tati, much-loved French retailer, shuts up shop in Paris after 70 years"
08-Jul-20,Summer statement 2020: the chancellor's key points at a glance
08-Jul-20,FirstGroup could cease trading as coronavirus hits passenger levels
08-Jul-20,Grant Thornton fined over Conviviality audit failures
08-Jul-20,Activists see Purdue bankruptcy case as last chance to call Sacklers to account
08-Jul-20,Uber to launch London commuter boat service with Thames Clippers
08-Jul-20,147 new Australian Covid-19 cases – as it happened
08-Jul-20,Stop trying to fight racism with corporate diversity consultants
08-Jul-20,Summer statement: Rishi Sunak plans temporary job creation scheme for under-25s
08-Jul-20,Summer statement: the UK's Covid-19 economic crisis in five key charts
08-Jul-20,How Rishi Sunak could kickstart UK's post-lockdown economy
08-Jul-20,"Scam calls will rise as lockdown eases, says trading standards body"
08-Jul-20,"Next, Asos and Amazon drop Boohoo amid Leicester factory claims"
08-Jul-20,"Nils Pratley on finance  


  No business need at all now for a Chinese nuclear plant in the UK"
08-Jul-20,Thousands of Jaguar Land Rover logistics workers to lose jobs
07-Jul-20,Deutsche Bank to pay $150m fine to settle charges linked to Epstein dealings
07-Jul-20,Crime fiction boom as book sales rocket past 2019 levels
07-Jul-20,Business live  Markets slide as EC predicts deeper eurozone recession - as it happened
07-Jul-20,JD Sports warehouse in Rochdale hosts mobile Covid-19 lab after positive tests
07-Jul-20,The pandemic has exposed the dark underside of fast fashion's supply chains
07-Jul-20,"Lockdown living  


  Fast fashion creates misery – and that's always a bad look"
07-Jul-20,New Welsh factory at risk as Jim Ratcliffe's Ineos looks to make cars in France
07-Jul-20,Halfords predicts bicycle boom to continue for 2020
07-Jul-20,"UK house prices fell for fourth month in a row, says Halifax"
07-Jul-20,"'We squandered a decade': world losing fight against poverty, says UN academic"
07-Jul-20,'People say we don’t exist': the scandal of excluded black architects
07-Jul-20,"Europe faces deep recession and UK will shrink by 10%, says EC"
07-Jul-20,Boohoo shareholders demand answers after shares plunge by a third
07-Jul-20,"Over 5,600 fossil fuel companies have taken at least $3bn in US Covid-19 aid"
07-Jul-20,Empathy machines: what will happen when robots learn to write film scripts?
07-Jul-20,UK jobless rate 'could near 15% in second coronavirus wave'
07-Jul-20,"UK hotel bookings returning after Covid-19 slump, says Premier Inn owner"
07-Jul-20,Mirror and Express owner Reach to cut 550 jobs
07-Jul-20,"Treasury's 'green recovery' not enough, say campaigners"
07-Jul-20,Tory ministers from 1980s fear return to mass unemployment
06-Jul-20,Gambling charity urges UK banks to improve card blocking systems
06-Jul-20,Multibillion-dollar gas projects in jeopardy as global market collapses
06-Jul-20,"Jonathan Sackler, joint owner of opioid maker Purdue Pharma, dies aged 65"
06-Jul-20,"Nils Pratley on finance  


  Departure of Horta-Osório no bad thing for Lloyds at this time"
06-Jul-20,More than £1bn wiped off Boohoo value as it investigates Leicester factory
06-Jul-20,Business live  UK car sales weakest since 1971; US service sector strengthens - as it happened
06-Jul-20,Aviva appoints Amanda Blanc as chief executive
06-Jul-20,Pret a Manger: full list of stores to close
06-Jul-20,Giant flywheel project in Scotland could prevent UK blackouts
06-Jul-20,UK construction sector rebounds amid plan for stamp duty holiday
06-Jul-20,Hollywood stars to be exempt from UK's coronavirus quarantine rules
06-Jul-20,"Pret a Manger to close 30 stores and could cut more than 1,000 jobs"
06-Jul-20,UK’s big accountancy firms told to split off audit arms by 2024
06-Jul-20,Only bold state intervention will save us from a future owned by corporate giants
06-Jul-20,Lloyds chief António Horta-Osório to step down next year
06-Jul-20,Why the Covid-19 financial crisis will leave lasting scars on Gen Z
06-Jul-20,Consumer champions  Sky TV charged my mother a fortune and she can’t leave
06-Jul-20,From dusted-off bikes to electric dreams: UK green economy booms on back of Covid-19
06-Jul-20,Chancellor under pressure to boost financial support as job crisis looms
06-Jul-20,UK banks prepare code of conduct on defaulting of Covid-19 business loans
05-Jul-20,Scammers can create fake business ads on Google 'within hours'
05-Jul-20,Thames Water former boss handed £2.8m since being sacked
05-Jul-20,Lifting of lockdown in England: how do you feel reopening has gone?
05-Jul-20,"Economics viewpoint  


  Fifteen years after the G8 summit, it's the UK that's in dire need of aid"
05-Jul-20,Evening footfall on England's high streets soars as pubs reopen
05-Jul-20,'They've been missed': Cornwall welcomes first tourists of summer
05-Jul-20,"For small business owners, the pandemic proves it: millennials were right"
05-Jul-20,"Honey, I shrunk the shopping: the rise of mini products as children's toys"
05-Jul-20,Travel agents resort to hardline tactics to get out of a refund
05-Jul-20,Wouldn’t it be great for British town centres if people could just move into closed shops?
05-Jul-20,"Notebook  


  Have a heart, KitKat, don't break with Fairtrade"
05-Jul-20,"Business leader  


  Big Tech may not be afraid of a boycott. But it might fear a regulator"
05-Jul-20,"Hidden gems from the world of research  


  We might never get over the fear that the pandemic induced"
05-Jul-20,Sunak considers £500 vouchers for all UK adults to spend in Covid-hit firms
05-Jul-20,Donald Trump rushed to reopen America – now Covid is closing in on him
05-Jul-20,The Observer view on the reopening of the economy
05-Jul-20,Letters: recovery plan must not endanger the Earth
05-Jul-20,I left my heart in the Luton airport branch of Bella Italia ...
05-Jul-20,Observer business agenda  Rolls-Royce faces a long haul back to high-flier status
05-Jul-20,"Huawei could be cut out of UK's 5G network this year, say reports"
04-Jul-20,The Bank of England has many battles ahead. Inflation will not be one of them
04-Jul-20,"VAT, NICs … what will Rishi Sunak’s summer statement target?"
04-Jul-20,"The Covid crisis made Rishi Sunak a star, but it could yet undo him"
04-Jul-20,English pubs pour first pints for customers since lockdown began
04-Jul-20,Debt: 'The first step towards change is admitting you have a problem'
04-Jul-20,Boohoo booms as Leicester garment factories are linked to lockdown
04-Jul-20,"England eases lockdown: how pubs, hairdressers and restaurants will work"
04-Jul-20,Banking apps: what do they offer – and how is your cash protected?
04-Jul-20,UK manufacturers to export surplus medical ventilators
04-Jul-20,"Leicester residents could be fined up to £3,200 for breaching new lockdown laws"
04-Jul-20,Queenstown: a tourist town with no tourists fights despair among stranded workers
04-Jul-20,"Struggling retailers paid less than a third of June rent, says malls owner"
04-Jul-20,Mission impossible? How to shoot a blockbuster in the coronavirus era
04-Jul-20,"Amid the havoc wreaked by coronavirus, there is another danger we've forgotten"
04-Jul-20,"Gin, cheese and coffee: Britons flock to subscription services in lockdown"
04-Jul-20,‘A bit of trepidation’: Lake District prepares to reopen to visitors
04-Jul-20,"Business live  UK service sector slump levels off, as China growth surges - as it happened"
04-Jul-20,UK waste firm Biffa loses appeal after exporting dirty waste to China
04-Jul-20,Poundstretcher could close half its stores under rescue deal
04-Jul-20,Socially distanced outdoor music venue to open in Newcastle in August
03-Jul-20,Tenby residents feel mixed emotions about tourists' return
03-Jul-20,China's stock market closes at highest level in five years
03-Jul-20,Some small businesses can't get past their own prejudice. Let them fold
03-Jul-20,UK car loans and pawnbroker payments freeze extended
03-Jul-20,Holidaymakers offered little or no coronavirus-related insurance
03-Jul-20,"Nils Pratley on finance  


  Why the secrecy around financial terms of Covid-19 loan to Celsa Steel UK?"
03-Jul-20,Barclays: Qataris spoke to Gordon Brown to 'defuse 2008 bailout pressure'
03-Jul-20,Unions say Coalition's 'demonising' of unemployed is groundwork for Covid-19 welfare cuts
03-Jul-20,Mark Zuckerberg: advertisers' boycott of Facebook will end 'soon enough'
03-Jul-20,Behind the 4.8m jobs that returned: key takeaways from June’s US jobs report
03-Jul-20,Luton airport to make up to 250 staff redundant
03-Jul-20,"Bella Italia owner falls into administration, with loss of 1,900 jobs"
03-Jul-20,Boris ‘the Builder’ Johnson has found a new scapegoat: the humble newt
03-Jul-20,Business live  Markets rally as US unemployment rate falls to 11.1% - as it happened
03-Jul-20,Tobacco firm funded attack on council quit-smoking services
03-Jul-20,"$10bn of precious metals dumped each year in electronic waste, says UN"
03-Jul-20,Revealed: raw sewage poured into Olympic Park wildlife haven
03-Jul-20,UK gives go-ahead to giant windfarm project off Norfolk coast
03-Jul-20,US employers take back 4.8m workers as coronavirus threatens economic recovery
03-Jul-20,Jordan bans smoking and vaping in indoor public spaces
02-Jul-20,UK government development bank to end fossil fuel financing
02-Jul-20,"Project Syndicate economists  


  Invest in the green economy and we'll recover from the Covid-19 crisis"
02-Jul-20,Primark loses £800m in Covid-19 lockdowns
02-Jul-20,"UK should prioritise green projects to kickstart economy, says IMF"
02-Jul-20,"Fears grow for UK high street as more than 6,000 retail jobs cut in a day"
02-Jul-20,"Nils Pratley on finance  


  As the Hong Kong security law comes into force, HSBC's silence is deafening"
02-Jul-20,Pressure mounts on UK government to release list of 'air bridges'
02-Jul-20,Richard Branson to pump £200m into Virgin Atlantic as part of rescue package
02-Jul-20,Tesla becomes world's most valuable carmaker without making a profit
02-Jul-20,Accenture to cut up to 900 UK jobs as pandemic hits demand
02-Jul-20,UK retail landlords squeezed as stores hit by Covid-19 crisis
02-Jul-20,Ministers urged to limit Facebook and Google's power over ad market
02-Jul-20,"Business live  UK house prices fall as Covid-19 job losses surge, but US employment rises - as it happened"
02-Jul-20,England's privatised water firms paid £57bn in dividends since 1991
02-Jul-20,One man's fight to get bathing water status for a stretch of river near Bath
02-Jul-20,England's sewerage: what the water companies have to say
02-Jul-20,Ryanair pilots agree to 20% pay cut in attempt to limit job losses
02-Jul-20,Tony Pidgley obituary
02-Jul-20,Banking watchdog drops threat of inquiry into overdraft charges
02-Jul-20,Sainsbury's reports rise in grocery sales and surge in online orders
01-Jul-20,France bans Dutch bike TV ad for creating 'climate of fear' about cars
01-Jul-20,UK annual house prices fall for first time since 2012
01-Jul-20,"Upper Crust and Caffè Ritazza owner to cut 5,000 UK jobs"
01-Jul-20,US shale gas giant brought down by big debts and oil slump
01-Jul-20,Tesla shareholders urged to oust Elon Musk over $55bn pay deal
01-Jul-20,"Nils Pratley on finance  


  The future may be V-shaped, but it would be rash to count on it"
01-Jul-20,"'Gravest crisis' as Airbus plans to cut 15,000 jobs, 1,700 in UK"
01-Jul-20,"The politics sketch  


  Boris Johnson returns to his happy place: upbeat, vague and incoherent"
01-Jul-20,Business live  FTSE 100 posts best quarter since 2010 amid Covid-19 recovery hopes - as it happened
01-Jul-20,'New deal' risks fuelling emissions and eroding building standards
01-Jul-20,Politics live with Andrew Sparrow  UK coronavirus death toll rises by 155; employers in Leicester lockdown can re-furlough staff – as it happened
01-Jul-20,"Psychic energy in, newt counters out: Boris Johnson’s magic economic potion"
01-Jul-20,EU bans Pakistan national airline flights over pilot exam cheats
01-Jul-20,Harveys and TM Lewin fall into administration with loss of 800 jobs
01-Jul-20,Boris Johnson's 'loose change' is hardly Roosevelt's New Deal
01-Jul-20,Britain and Brussels turn on each other for prolonging City's uncertainty
01-Jul-20,EasyJet plans to cut 727 pilot jobs and close three UK bases
01-Jul-20,"UK on course for a V-shaped recovery, says Bank of England"
01-Jul-20,Boris Johnson's 'new deal' speech: what is missing?
01-Jul-20,How does Boris Johnson's 'new deal' compare with Franklin D Roosevelt's?
30-Jun-20,"Stand aside, everyone: the Conservative cowboy builders are back on the job"
30-Jun-20,Shell to cut £18bn from value of assets amid coronavirus crisis
30-Jun-20,Seat of the problem: why does Christopher Nolan hate chairs?
30-Jun-20,Boris Johnson refuses to rule out tax rises to fund recovery plans
30-Jun-20,"Progress on gender equality at risk from Covid-19 jobs crisis, says ILO"
30-Jun-20,Redrow shifts its housebuilding focus away from London
30-Jun-20,Comic Relief's Richard Curtis backs ethical pension campaign
30-Jun-20,Cinema giants delay reopening in UK and US as movie releases stall
30-Jun-20,Central banks ‘could face political pressure to allow high inflation’
30-Jun-20,Sunak expands £500m fund for UK startups hit by coronavirus
30-Jun-20,Is it ethical for businesses to raise prices amid Covid-19? Of course it is
30-Jun-20,Wirecard UK unlocks customers' cash after FCA freeze
30-Jun-20,UK economy hit by sharpest fall in 41 years amid Covid-19 crisis
30-Jun-20,AGL says it will link bosses’ bonuses to lowering emissions
30-Jun-20,Consumer champions  Ikea left me in bits with a half-finished kitchen
30-Jun-20,The age of extinction  How do you deal with 9m tonnes of suffocating seaweed?
30-Jun-20,Diabetes UK calls for extended home working for people in Covid-19 risk groups
30-Jun-20,"Coronavirus slump could delay building of 300,000 homes"
30-Jun-20,Lib Dem MP Layla Moran targets rise in BAME board directors
30-Jun-20,"Nils Pratley on finance  


  Has CMA been put back in its box after Tyrie's exit? That's how it looks"
29-Jun-20,"UK ministers send mixed messages over climate commitments, says fund manager"
29-Jun-20,America's coalminers call for urgent help amid Covid-19 and industry decline
29-Jun-20,Watchdogs warn pharmacies not to hike price of face masks
29-Jun-20,Chesapeake bankruptcy seen as turning point for oil industry
29-Jun-20,BP sells petrochemical business to Ineos for $5bn
29-Jun-20,"US consumer watchdog chief can be fired by president, supreme court rules"
29-Jun-20,Business live  UK mortgage approvals slump as Covid-19 hits housing market - as it happened
29-Jun-20,Wirecard asset freeze leaves vulnerable people without cash
29-Jun-20,Byron to go into administration in attempt to sell parts of burger chain
29-Jun-20,Musical instrument firms Roland and Korg fined £5.5m over UK price fixing
29-Jun-20,UK home loans fall 90% since start of Covid-19 crisis
29-Jun-20,Inside the Guardian  Orwell prize nominee Aditya Chakrabortty: 'Don't do what everyone else is doing'
29-Jun-20,Boeing begins 737 Max test flights after green light from regulators
29-Jun-20,"After coronavirus, cinema may never be the same again"
29-Jun-20,"Match Covid-19 economic stimulus with climate fight ambition, urge MPs"
29-Jun-20,"Abandon 'levelling up' agenda at your peril, PM warned"
29-Jun-20,"Make Covid-19 support for vulnerable energy customers permanent, Ofgem tells suppliers"
29-Jun-20,Red alert issued over Landsec executive's bumper pension package
29-Jun-20,The Pacific project  Quarter of businesses in Pacific fear they will not survive Covid-19 pandemic
29-Jun-20,"Chesapeake Energy, fracking pioneer, files for bankruptcy owing $9bn"
28-Jun-20,UK needs 'biggest-ever peacetime job creation plan' to stop mass unemployment
28-Jun-20,Foreign travel boost as UK gives green light to overseas trips
28-Jun-20,Hydrogen fuel bubbles up the agenda as investments rocket
28-Jun-20,Revealed: Developers PM backed when London mayor give almost £1m to Tories
28-Jun-20,UK cinemas set for worst year since 1996 due to coronavirus
28-Jun-20,Virgin Atlantic seeks urgent rescue package worth up to £900m
28-Jun-20,"Back us or risk losing half UK's public leisure centres, industry warns"
28-Jun-20,Is plaster the new toilet roll? Lockdown DIY binge stretches UK supplies
28-Jun-20,"Economics viewpoint  


  Lockdown or not, a second wave of Covid-19 will badly damage the UK economy"
28-Jun-20,Government and watchdog ‘are totally failing problem gamblers’
28-Jun-20,‘A travesty’: North Carolina faces calls to continue reopening even as Covid-19 cases surge
28-Jun-20,‘I’ve not been to the city centre for months’: UK suburbs thrive as office staff stay home
28-Jun-20,'We've had to rein in our spending': how coronavirus has hit household incomes
28-Jun-20,"William Keegan's in my view  


  Rishi Sunak is a reluctant Keynesian. But he has no choice"
28-Jun-20,"Hidden gems from the world of research  


  Economic recovery hinges on when – and if – we find a vaccine"
28-Jun-20,"Business leader  


  The low-paid need Britain to reopen. But this outbreak isn’t over"
28-Jun-20,"Observer business agenda  Sales are soaring, but Sainsbury’s new boss is expecting a bumpy ride"
28-Jun-20,We are in desperate need of a recovery plan. But the Treasury has gone missing
28-Jun-20,Robert Jenrick admits Israeli billionaire he had meeting with is family friend
28-Jun-20,Why the home-working boom could tumble London's skyscrapers
27-Jun-20,What does England's lockdown easing mean for office workers?
27-Jun-20,L'Oréal to remove words like 'whitening' from skincare products
27-Jun-20,Covid-19 survivors could lose health insurance if Trump wins bid to repeal Obamacare
27-Jun-20,What next for the UK's deserted public transport network?
27-Jun-20,Race and money  Why corporate America makes an unconvincing ally against racism
27-Jun-20,Back to work: English businesses gear up for life after lockdown
27-Jun-20,Facebook policy changes fail to quell advertiser revolt as Coca-Cola pulls ads
27-Jun-20,Post Office resumes selling travel currency as UK lockdown eases
27-Jun-20,Can Kanye West save the Gap?
27-Jun-20,Shopping centre owner Intu collapses into administration
27-Jun-20,Three more Midlands meat factory workers test positive for coronavirus
27-Jun-20,M&S and Next compete for UK arm of Victoria's Secret
27-Jun-20,No going back to normal after the pandemic? Don't bet on it
27-Jun-20,Aston Martin raises £207m in equity and debt after sales slump
27-Jun-20,"HSBC resumes plan to cut 35,000 jobs worldwide"
27-Jun-20,Tesco hit by shareholder revolt over executive pay
27-Jun-20,Business live  US stocks fall as investors fret over rising Covid-19 cases - as it happened
27-Jun-20,From wrecked cars to catwalk: the fashion hothouse born in a row of lock-ups
27-Jun-20,Verizon pulls ads from Facebook over inaction on hate speech
27-Jun-20,Wirecard UK ordered to freeze customer funds by finance regulator
26-Jun-20,Bike boom: UK sales up 60% in April as Covid-19 changes lifestyles
26-Jun-20,Yorkshire building society relaunches 90% mortgages for first-time buyers
26-Jun-20,"Staycation holiday scams soar, banking trade body warns"
26-Jun-20,Boohoo bosses in line for £150m bonus as part of incentive plan
26-Jun-20,Texas oil industry faces prospect of collapse amid Covid-19 losses
26-Jun-20,Australia must reject austerity and embrace targeted spending to beat this recession
26-Jun-20,UK retailers pay only 14% of £2.5bn rent due this week
26-Jun-20,"Nils Pratley on finance  


  Ministers should check their post – Royal Mail's problems are stacking up"
26-Jun-20,Robert Jenrick faces questions over meeting with Israeli mining heir
26-Jun-20,BA tells longest-serving cabin crew to take 20% pay cut or lose jobs
26-Jun-20,UK Virgin Media users suffer broadband and TV outages
26-Jun-20,Exclusive: Viber severs ties with Facebook in growing boycott
26-Jun-20,Call to block key Bolsonaro ally from World Bank job
26-Jun-20,Pub group owned by billionaires 'demanding rent' amid Covid-19 crisis
26-Jun-20,'Worst deal in history': Viagogo and StubHub merger faces investigation
26-Jun-20,Richard Desmond: the former porn baron caught in a Tory scandal
26-Jun-20,Business live  UK retailers pessimistic as economy reopens; Covid-19 worries markets - as it happened
26-Jun-20,Covid-19 investigations  Lorry drivers from outside EU 'exploited' in lockdown delivery surge
26-Jun-20,Unilever to rename Fair & Lovely skin-lightening cream in India
26-Jun-20,The British government is about to sleepwalk into an unemployment crisis
25-Jun-20,Renewable energy breaks UK record in first quarter of 2020
25-Jun-20,Center Parcs to reopen on 13 July in UK and Ireland but pools stay closed
25-Jun-20,1.48m more Americans file for unemployment as pandemic takes toll
25-Jun-20,"Global stock market rally is a gamble, IMF warns investors"
25-Jun-20,UK retailers remain gloomy about quick post-lockdown bounce back
25-Jun-20,English cinemas to reopen without self-serve pick ’n' mix or singalongs
25-Jun-20,The Booksellers review – warm study of a fast-shifting subculture
25-Jun-20,Wirecard files for insolvency amid German accounting scandal
25-Jun-20,Good vibrations: how Bandcamp became the heroes of streaming
25-Jun-20,"Royal Mail to cut 2,000 management roles"
25-Jun-20,"Qantas to cut 6,000 jobs and keep 15,000 stood down in bid to survive coronavirus downturn"
25-Jun-20,Waitrose boss joins calls for post-Brexit food standards protection
25-Jun-20,"Planning rules lifted for fairs, markets and car boot sales in England"
25-Jun-20,Politics live with Andrew Sparrow  Papers indicate Robert Jenrick rushed through planning decision so Tory donor could reduce costs by £50m – as it happened
25-Jun-20,The Robert Jenrick planning row explained
25-Jun-20,EasyJet launches £450m rights issue to shore up Covid defence
25-Jun-20,"Nils Pratley on finance  


  The government cannot allow Tata to buckle under Covid pressure"
25-Jun-20,John Lewis appoints Pippa Wicks as executive director
25-Jun-20,"Company behind Bisto, Mr Kipling and McDougall's expects UK sales surge"
,
,
,
,
,
,
,
,
,
,
,
,
,
,
,
,
,
,
,
,
,
,
,
,
,
,
,
,
,
,
,
,
,
,
,
,
,
,
,
,
,
,
,
,
,
,
,
,
,
,
,
,
,
,
,
,
,
,
,
,
,
,
,
,
,
,
,
,
,
,
,
,
,
,
,
,
,
,
,
,
,
,
,
,
,
,
,
,
,
,
,
,
,
,
,
,
,
,
,
,
,
,
,
,
,
,
,
,
,
,
,
,
,
,
,
,
,
,
,
,
,
,
,
,
,
,
,
,
,
,
,
,
,
,
,
,
,
,
,
,
,
,
,
,
,
,
,
,
,
,
,
,
,
,
,
,
,
,
,
,
,
,
,
,
,
,
,
,
,
,
,
,
,
,
,
,
,
,
,
,
,
,
,
,
,
,
,
,
,
,
,
,
,
,
,
,
,
,
,
,
,
,
,
,
,
,
,
,
,
,
,
,
,
,
,
,
,
,
,
,
,
,
,
,
,
,
,
,
,
,
,
,
,
,
,
,
,
,
,
,
,
,
,
,
,
,
,
,
,
,
,
,
,
,
,
,
,
,
,
,
,
,
,
,
,
,
,
,
,
,
,
,
,
,
,
,
,
,
,
,
,
,
,
,
,
,
,
,
,
,
,
,
,
,
,
,
,
,
,
,
,
,
,
,
,
,
,
,
,
,
,
,
,
,
,
,
,
,
,
,
,
,
,
,
,
,
,
,
,
,
,
,
,
,
,
,
,
,
,
,
,
,
,
,
,
,
,
,
,
,
,
,
,
,
,
,
,
,
,
,
,
,
,
,
,
,
,
,
,
,
,
,
,
,
,
,
,
,
,
,
,
,
,
,
,
,
,
,
,
,
,
,
,
,
,
,
,
,
,
,
,
,
,
,
,
,
,
,
,
,
,
,
,
,
,
,
,
,
,
,
,
,
,
,
,
,
,
,
,
,
,
,
,
,
,
,
,
,
,
,
,
,
,
,
,
,
,
,
,
,
,
,
,
,
,
,
,
,
,
,
,
,
,
,
,
,
,
,
,
,
,
,
,
,
,
,
,
,
,
,
,
,
,
,
,
,
,
,
,
,
,
,
,
,
,
,
,
,
,
,
,
,
,
,
,
,
,
,
,
,
,
,
,
,
,
,
,
,
,
,
,
,
,
,
,
,
,
,
,
,
,
,
,
,
,
,
,
,
,
,
,
,
,
,
,
,
,
,
,
,
,
,
,
,
,
,
,
,
,
,
,
,
,
,
,
,
,
,
,
,
,
,
,
,
,
,
,
,
,
,
,
,
,
,
,
,
,
,
,
,
,
,
,
,
,
,
,
,
,
,
,
,
,
,
,
,
,
,
,
,
,
,
,
,
,
,
,
,
,
,
,
,
,
,
,
,
,
,
,
,
,
,
,
,
,
,
,
,
,
,
,
,
,
,
,
,
,
,
,
,
,
,
,
,
,
,
,
,
,
,
,
,
,
,
,
,
,
,
,
,
,
,
,
,
,
,
,
,
,
,
,
,
,
,
,
,
,
,
,
,
,
,
,
,
,
,
,
,
,
,
,
,
,
,
,
,
,
,
,
,
,
,
,
,
,
,
,
,
,
,
,
,
,
,
,
,
,
,
,
,
,
,
,
,
,
,
,
,
,
,
,
,
,
,
,
,
,
,
,
,
,
,
,
,
,
,
,
,
,
,
,
,
,
,
,
,
,
,
,
,
,
,
,
,
,
,
,
,
,
,
,
,
,
,
,
,
,
,
,
,
,
,
,
,
,
,
,
,
,
,
,
,
,
,
,
,
,
,
,
,
,
,
,
,
,
,
,
,
,
,
,
,
,
,
,
,
,
,
,
,
,
,
,
,
,
,
,
,
,
,
,
,
,
,
,
,
,
,
,
,
,
,
,
,
,
,
,
,
,
,
,
,
,
,
,
,
,
,
,
,
,
,
,
,
,
,
,
,
,
,
,
,
,
,
,
,
,
,
,
,
,
,
,
,
,
,
,
,
,
,
,
,
,
,
,
,
,
,
,
,
,
,
,
,
,
,
,
,
,
,
,
,
,
,
,
,
,
,
,
,
,
,
,
,
,
,
,
,
,
,
,
,
,
,
,
,
,
,
,
,
,
,
,
,
,
,
,
,
,
,
,
,
,
,
,
,
,
,
,
,
,
,
,
,
,
,
,
,
,
,
,
,
,
,
,
,
,
,
,
,
,
,
,
,
,
,
,
,
,
,
,
,
,
,
,
,
,
,
,
,
,
,
,
,
,
,
,
,
,
,
,
,
,
,
,
,
,
,
,
,
,
,
,
,
,
,
,
,
,
,
,
,
,
,
,
,
,
,
,
,
,
,
,
,
,
,
,
,
,
,
,
,
,
,
,
,
,
,
,
,
,
,
,
,
,
,
,
,
,
,
,
,
,
,
,
,
,
,
,
,
,
,
,
,
,
,
,
,
,
,
,
,
,
,
,
,
,
,
,
,
,
,
,
,
,
,
,
,
,
,
,
,
,
,
,
,
,
,
,
,
,
,
,
,
,
,
,
,
,
,
,
,
,
,
,
,
,
,
,
,
,
,
,
,
,
,
,
,
,
,
,
,
,
,
,
,
,
,
,
,
,
,
,
,
,
,
,
,
,
,
,
,
,
,
,
,
,
,
,
,
,
,
,
,
,
,
,
,
,
,
,
,
,
,
,
,
,
,
,
,
,
,
,
,
,
,
,
,
,
,
,
,
,
,
,
,
,
,
,
,
,
,
,
,
,
,
,
,
,
,
,
,
,
,
,
,
,
,
,
,
,
,
,
,
,
,
,
,
,
,
,
,
,
,
,
,
,
,
,
,
,
,
,
,
,
,
,
,
,
,
,
,
,
,
,
,
,
,
,
,
,
,
,
,
,
,
,
,
,
,
,
,
,
,
,
,
,
,
,
,
,
,
,
,
,
,
,
,
,
,
,
,
,
,
,
,
,
,
,
,
,
,
,
,
,
,
,
,
,
,
,
,
,
,
,
,
,
,
,
,
,
,
,
,
,
,
,
,
,
,
,
,
,
,
,
,
,
,
,
,
,
,
,
,
,
,
,
,
,
,
,
,
,
,
,
,
,
,
,
,
,
,
,
,
,
,
,
,
,
,
,
,
,
,
,
,
,
,
,
,
,
,
,
,
,
,
,
,
,
,
,
,
,
,
,
,
,
,
,
,
,
,
,
,
,
,
,
,
,
,
,
,
,
,
,
,
,
,
,
,
,
,
,
,
,
,
,
,
,
,
,
,
,
,
,
,
,
,
,
,
,
,
,
,
,
,
,
,
,
,
,
,
,
,
,
,
,
,
,
,
,
,
,
,
,
,
,
,
,
,
,
,
,
,
,
,
,
,
,
,
,
,
,
,
,
,
,
,
,
,
,
,
,
,
,
,
,
,
,
,
,
,
,
,
,
,
,
,
,
,
,
,
,
,
,
,
,
,
,
,
,
,
,
,
,
,
,
,
,
,
,
,
,
,
,
,
,
,
,
,
,
,
,
,
,
,
,
,
,
,
,
,
,
,
,
,
,
,
,
,
,
,
,
,
,
,
,
,
,
,
,
,
,
,
,
,
,
,
,
,
,
,
,
,
,
,
,
,
,
,
,
,
,
,
,
,
,
,
,
,
,
,
,
,
,
,
,
,
,
,
,
,
,
,
,
,
,
,
,
,
,
,
,
,
,
,
,
,
,
,
,
,
,
,
,
,
,
,
,
,
,
,
,
,
,
,
,
,
,
,
,
,
,
,
,
,
,
,
,
,
,
,
,
,
,
,
,
,
,
,
,
,
,
,
,
,
,
,
,
,
,
,
,
,
,
,
,
,
,
,
,
,
,
,
,
,
,
,
,
,
,
,
,
,
,
,
,
,
,
,
,
,
,
,
,
,
,
,
,
,
,
,
,
,
,
,
,
,
,
,
,
,
,
,
,
,
,
,
,
,
,
,
,
,
,
,
,
,
,
,
,
,
,
,
,
,
,
,
,
,
,
,
,
,
,
,
,
,
,
,
,
,
,
,
,
,
,
,
,
,
,
,
,
,
,
,
,
,
,
,
,
,
,
,
,
,
,
,
,
,
,
,
,
,
,
,
,
,
,
,
,
,
,
,
,
,
,
,
,
,
,
,
,
,
,
,
,
,
,
,
,
,
,
,
,
,
,
,
,
,
,
,
,
,
,
,
,
,
,
,
,
,
,
,
,
,
,
,
,
,
,
,
,
,
,
,
,
,
,
,
,
,
,
,
,
,
,
,
,
,
,
,
,
,
,
,
,
,
,
,
,
,
,
,
,
,
,
,
,
,
,
,
,
,
,
,
,
,
,
,
,
,
,
,
,
,
,
,
,
,
,
,
,
,
,
,
,
,
,
,
,
,
,
,
,
,
,
,
,
,
,
,
,
,
,
,
,
,
,
,
,
,
,
,
,
,
,
,
,
,
,
,
,
,
,
,
,
,
,
,
,
,
,
,
,
,
,
,
,
,
,
,
,
,
,
,
,
,
,
,
,
,
,
,
,
,
,
,
,
,
,
,
,
,
,
,
,
,
,
,
,
,
,
,
,
,
,
,
,
,
,
,
,
,
,
,
,
,
,
,
,
,
,
,
,
,
,
,
,
,
,
,
,
,
,
,
,
,
,
,
,
,
,
,
,
,
,
,
,
,
,
,
,
,
,
,
,
,
,
,
,
,
,
,
,
,
,
,
,
,
,
,
,
,
,
,
,
,
,
,
,
,
,
,
,
,
,
,
,
,
,
,
,
,
,
,
,
,
,
,
,
,
,
,
,
,
,
,
,
,
,
,
,
,
,
,
,
,
,
,
,
,
,
,
,
,
,
,
,
,
,
,
,
,
,
,
,
,
,
,
,
,
,
,
,
,
,
,
,
,
,
,
,
,
,
,
,
,
,
,
,
,
,
,
,
,
,
,
,
,
,
,
,
,
,
,
,
,
,
,
,
,
,
,
,
,
,
,
,
,
,
,
,
,
,
,
,
,
,
,
,
,
,
,
,
,
,
,
,
,
,
,
,
,
,
,
,
,
,
,
,
,
,
,
,
,
,
,
,
,
,
,
,
,
,
,
,
,
,
,
,
,
,
,
,
,
,
,
,
,
,
,
,
,
,
,
,
,
,
,
,
,
,
,
,
,
,
,
,
,
,
,
,
,
,
,
,
,
,
,
,
,
,
,
,
,
,
,
,
,
,
,
,
,
,
,
,
,
,
,
,
,
,
,
,
,
,
,
,
,
,
,
,
,
,
,
,
,
,
,
,
,
,
,
,
,
,
,
,
,
,
,
,
,
,
,
,
,
,
,
,
,
,
,
,
,
,
,
,
,
,
,
,
,
,
,
,
,
,
,
,
,
,
,
,
,
,
,
,
,
,
,
,
,
,
,
,
,
,
,
,
,
,
,
,
,
,
,
,
,
,
,
,
,
,
,
,
,
,
,
,
,
,
,
,
,
,
,
,
,
,
,
,
,
,
,
,
,
,
,
,
,
,
,
,
,
,
,
,
,
,
,
,
,
,
,
,
,
,
,
,
,
,
,
,
,
,
,
,
,
,
,
,
,
,
,
,
,
,
,
,
,
,
,
,
,
,
,
,
,
,
,
,
,
,
,
,
,
,
,
,
,
,
,
,
,
,
,
,
,
,
,
,
,
,
,
,
,
,
,
,
,
,
,
,
,
,
,
,
,
,
,
,
,
,
,
,
,
,
,
,
,
,
,
,
,
,
,
,
,
,
,
,
,
,
,
,
,
,
,
,
,
,
,
,
,
,
,
,
,
,
,
,
,
,
,
,
,
,
,
,
,
,
,
,
,
,
,
,
,
,
,
,
,
,
,
,
,
,
,
,
,
,
,
,
,
,
,
,
,
,
,
,
,
,
,
,
,
,
,
,
,
,
,
,
,
,
,
,
,
,
,
,
,
,
,
,
,
,
,
,
,
,
,
,
,
,
,
,
,
,
,
,
,
,
,
,
,
,
,
,
,
,
,
,
,
,
,
,
,
,
,
,
,
,
,
,
,
,
,
,
,
,
,
,
,
,
,
,
,
,
,
,
,
,
,
,
,
,
,
,
,
,
,
,
,
,
,
,
,
,
,
,
,
,
,
,
,
,
,
,
,
,
,
,
,
,
,
,
,
,
,
,
,
,
,
,
,
,
,
,
,
,
,
,
,
,
,
,
,
,
,
,
,
,
,
,
,
,
,
,
,
,
,
,
,
,
,
,
,
,
,
,
,
,
,
,
,
,
,
,
,
,
,
,
,
,
,
,
,
,
,
,
,
,
,
,
,
,
,
,
,
,
,
,
,
,
,
,
,
,
,
,
,
,
,
,
,
,
,
,
,
,
,
,
,
,
,
,
,
,
,
,
,
,
,
,
,
,
,
,
,
,
,
,
,
,
,
,
,
,
,
,
,
,
,
,
,
,
,
,
,
,
,
,
,
,
,
,
,
,
,
,
,
,
,
,
,
,
,
,
,
,
,
,
,
,
,
,
,
,
,
,
,
,
,
,
,
,
,
,
,
,
,
,
,
,
,
,
,
,
,
,
,
,
,
,
,
,
,
,
,
,
,
,
,
,
,
,
,
,
,
,
,
,
,
,
,
,
,
,
,
,
,
,
,
,
,
,
,
,
,
,
,
,
,
,
,
,
,
,
,
,
,
,
,
,
,
,
,
,
,
,
,
,
,
,
,
,
,
,
,
,
,
,
,
,
,
,
,
,
,
,
,
,
,
,
,
,
,
,
,
,
,
,
,
,
,
,
,
,
,
,
,
,
,
,
,
,
,
,
,
,
,
,
,
,
,
,
,
,
,
,
,
,
,
,
,
,
,
,
,
,
,
,
,
,
,
,
,
,
,
,
,
,
,
,
,
,
,
,
,
,
,
,
,
,
,
,
,
,
,
,
,
,
,
,
,
,
,
,
,
,
,
,
,
,
,
,
,
,
,
,
,
,
,
,
,
,
,
,
,
,
,
,
,
,
,
,
,
,
,
,
,
,
,
,
,
,
,
,
,
,
,
,
,
,
,
,
,
,
,
,
,
,
,
,
,
,
,
,
,
,
,
,
,
,
,
,
,
,
,
,
,
,
,
,
,
,
,
,
,
,
,
,
,
,
,
,
,
,
,
,
,
,
,
,
,
,
,
,
,
,
,
,
,
,
,
,
,
,
,
,
,
,
,
,
,
,
,
,
,
,
,
,
,
,
,
,
,
,
,
,
,
,
,
,
,
,
,
,
,
,
,
,
,
,
,
,
,
,
,
,
,
,
,
,
,
,
,
,
,
,
,
,
,
,
,
,
,
,
,
,
,
,
,
,
,
,
,
,
,
,
,
,
,
,
,
,
,
,
,
,
,
,
,
,
,
,
,
,
,
,
,
,
,
,
,
,
,
,
,
,
,
,
,
,
,
,
,
,
,
,
,
,
,
,
,
,
,
,
,
,
,
,
,
,
,
,
,
,
,
,
,
,
,
,
,
,
,
,
,
,
,
,
,
,
,
,
,
,
,
,
,
,
,
,
,
,
,
,
,
,
,
,
,
,
,
,
,
,
,
,
,
,
,
,
,
,
,
,
,
,
,
,
,
,
,
,
,
,
,
,
,
,
,
,
,
,
,
,
,
,
,
,
,
,
,
,
,
,
,
,
,
,
,
,
,
,
,
,
,
,
,
,
,
,
,
,
,
,
,
,
,
,
,
,
,
,
,
,
,
,
,
,
,
,
,
,
,
,
,
,
,
,
,
,
,
,
,
,
,
,
,
,
,
,
,
,
,
,
,
,
,
,
,
,
,
,
,
,
,
,
,
,
,
,
,
,
,
,
,
,
,
,
,
,
,
,
,
,
,
,
,
,
,
,
,
,
,
,
,
,
,
,
,
,
,
,
,
,
,
,
,
,
,
,
,
,
,
,
,
,
,
,
,
,
,
,
,
,
,
,
,
,
,
,
,
,
,
,
,
,
,
,
,
,
,
,
,
,
,
,
,
,
,
,
,
,
,
,
,
,
,
,
,
,
,
,
,
,
,
,
,
,
,
,
,
,
,
,
,
,
,
,
,
,
,
,
,
,
,
,
,
,
,
,
,
,
,
,
,
,
,
,
,
,
,
,
,
,
,
,
,
,
,
,
,
,
,
,
,
,
,
,
,
,
,
,
,
,
,
,
,
,
,
,
,
,
,
,
,
,
,
,
,
,
,
,
,
,
,
,
,
,
,
,
,
,
,
,
,
,
,
,
,
,
,
,
,
,
,
,
,
,
,
,
,
,
,
,
,
,
,
,
,
,
,
,
,
,
,
,
,
,
,
,
,
,
,
,
,
,
,
,
,
,
,
,
,
,
,
,
,
,
,
,
,
,
,
,
,
,
,
,
,
,
,
,
,
,
,
,
,
,
,
,
,
,
,
,
,
,
,
,
,
,
,
,
,
,
,
,
,
,
,
,
,
,
,
,
,
,
,
,
,
,
,
,
,
,
,
,
,
,
,
,
,
,
,
,
,
,
,
,
,
,
,
,
,
,
,
,
,
,
,
,
,
,
,
,
,
,
,
,
,
,
,
,
,
,
,
,
,
,
,
,
,
,
,
,
,
,
,
,
,
,
,
,
,
,
,
,
,
,
,
,
,
,
,
,
,
,
,
,
,
,
,
,
,
,
,
,
,
,
,
,
,
,
,
,
,
,
,
,
,
,
,
,
,
,
,
,
,
,
,
,
,
,
,
,
,
,
,
,
,
,
,
,
,
,
,
,
,
,
,
,
,
,
,
,
,
,
,
,
,
,
,
,
,
,
,
,
,
,
,
,
,
,
,
,
,
,
,
,
,
,
,
,
,
,
,
,
,
,
,
,
,
,
,
,
,
,
,
,
,
,
,
,
,
,
,
,
,
,
,
,
,
,
,
,
,
,
,
,
,
,
,
,
,
,
,
,
,
,
,
,
,
,
,
,
,
,
,
,
,
,
,
,
,
,
,
,
,
,
,
,
,
,
,
,
,
,
,
,
,
,
,
,
,
,
,
,
,
,
,
,
,
,
,
,
,
,
,
,
,
,
,
,
,
,
,
,
,
,
,
,
,
,
,
,
,
,
,
,
,
,
,
,
,
,
,
,
,
,
,
,
,
,
,
,
,
,
,
,
,
,
,
,
,
,
,
,
,
,
,
,
,
,
,
,
,
,
,
,
,
,
,
,
,
,
,
,
,
,
,
,
,
,
,
,
,
,
,
,
,
,
,
,
,
,
,
,
,
,
,
,
,
,
,
,
,
,
,
,
,
,
,
,
,
,
,
,
,
,
,
,
,
,
,
,
,
,
,
,
,
,
,
,
,
,
,
,
,
,
,
,
,
,
,
,
,
,
,
,
,
,
,
,
,
,
,
,
,
,
,
,
,
,
,
,
,
,
,
,
,
,
,
,
,
,
,
,
,
,
,
,
,
,
,
,
,
,
,
,
,
,
,
,
,
,
,
,
,
,
,
,
,
,
,
,
,
,
,
,
,
,
,
,
,
,
,
,
,
,
,
,
,
,
,
,
,
,
,
,
,
,
,
,
,
,
,
,
,
,
,
,
,
,
,
,
,
,
,
,
,
,
,
,
,
,
,
,
,
,
,
,
,
,
,
,
,
,
,
,
,
,
,
,
,
,
,
,
,
,
,
,
,
,
,
,
,
,
,
,
,
,
,
,
,
,
,
,
,
,
,
,
,
,
,
,
,
,
,
,
,
,
,
,
,
,
,
,
,
,
,
,
,
,
,
,
,
,
,
,
,
,
,
,
,
,
,
,
,
,
,
,
,
,
,
,
,
,
,
,
,
,
,
,
,
,
,
,
,
,
,
,
,
,
,
,
,
,
,
,
,
,
,
,
,
,
,
,
,
,
,
,
,
,
,
,
,
,
,
,
,
,
,
,
,
,
,
,
,
,
,
,
,
,
,
,
,
,
,
,
,
,
,
,
,
,
,
,
,
,
,
,
,
,
,
,
,
,
,
,
,
,
,
,
,
,
,
,
,
,
,
,
,
,
,
,
,
,
,
,
,
,
,
,
,
,
,
,
,
,
,
,
,
,
,
,
,
,
,
,
,
,
,
,
,
,
,
,
,
,
,
,
,
,
,
,
,
,
,
,
,
,
,
,
,
,
,
,
,
,
,
,
,
,
,
,
,
,
,
,
,
,
,
,
,
,
,
,
,
,
,
,
,
,
,
,
,
,
,
,
,
,
,
,
,
,
,
,
,
,
,
,
,
,
,
,
,
,
,
,
,
,
,
,
,
,
,
,
,
,
,
,
,
,
,
,
,
,
,
,
,
,
,
,
,
,
,
,
,
,
,
,
,
,
,
,
,
,
,
,
,
,
,
,
,
,
,
,
,
,
,
,
,
,
,
,
,
,
,
,
,
,
,
,
,
,
,
,
,
,
,
,
,
,
,
,
,
,
,
,
,
,
,
,
,
,
,
,
,
,
,
,
,
,
,
,
,
,
,
,
,
,
,
,
,
,
,
,
,
,
,
,
,
,
,
,
,
,
,
,
,
,
,
,
,
,
,
,
,
,
,
,
,
,
,
,
,
,
,
,
,
,
,
,
,
,
,
,
,
,
,
,
,
,
,
,
,
,
,
,
,
,
,
,
,
,
,
,
,
,
,
,
,
,
,
,
,
,
,
,
,
,
,
,
,
,
,
,
,
,
,
,
,
,
,
,
,
,
,
,
,
,
,
,
,
,
,
,
,
,
,
,
,
,
,
,
,
,
,
,
,
,
,
,
,
,
,
,
,
,
,
,
,
,
,
,
,
,
,
,
,
,
,
,
,
,
,
,
,
,
,
,
,
,
,
,
,
,
,
,
,
,
,
,
,
,
,
,
,
,
,
,
,
,
,
,
,
,
,
,
,
,
,
,
,
,
,
,
,
,
,
,
,
,
,
,
,
,
,
,
,
,
,
,
,
,
,
,
,
,
,
,
,
,
,
,
,
,
,
,
,
,
,
,
,
,
,
,
,
,
,
,
,
,
,
,
,
,
,
,
,
,
,
,
,
,
,
,
,
,
,
,
,
,
,
,
,
,
,
,
,
,
,
,
,
,
,
,
,
,
,
,
,
,
,
,
,
,
,
,
,
,
,
,
,
,
,
,
,
,
,
,
,
,
,
,
,
,
,
,
,
,
,
,
,
,
,
,
,
,
,
,
,
,
,
,
,
,
,
,
,
,
,
,
,
,
,
,
,
,
,
,
,
,
,
,
,
,
,
,
,
,
,
,
,
,
,
,
,
,
,
,
,
,
,
,
,
,
,
,
,
,
,
,
,
,
,
,
,
,
,
,
,
,
,
,
,
,
,
,
,
,
,
,
,
,
,
,
,
,
,
,
,
,
,
,
,
,
,
,
,
,
,
,
,
,
,
,
,
,
,
,
,
,
,
,
,
,
,
,
,
,
,
,
,
,
,
,
,
,
,
,
,
,
,
,
,
,
,
,
,
,
,
,
,
,
,
,
,
,
,
,
,
,
,
,
,
,
,
,
,
,
,
,
,
,
,
,
,
,
,
,
,
,
,
,
,
,
,
,
,
,
,
,
,
,
,
,
,
,
,
,
,
,
,
,
,
,
,
,
,
,
,
,
,
,
,
,
,
,
,
,
,
,
,
,
,
,
,
,
,
,
,
,
,
,
,
,
,
,
,
,
,
,
,
,
,
,
,
,
,
,
,
,
,
,
,
,
,
,
,
,
,
,
,
,
,
,
,
,
,
,
,
,
,
,
,
,
,
,
,
,
,
,
,
,
,
,
,
,
,
,
,
,
,
,
,
,
,
,
,
,
,
,
,
,
,
,
,
,
,
,
,
,
,
,
,
,
,
,
,
,
,
,
,
,
,
,
,
,
,
,
,
,
,
,
,
,
,
,
,
,
,
,
,
,
,
,
,
,
,
,
,
,
,
,
,
,
,
,
,
,
,
,
,
,
,
,
,
,
,
,
,
,
,
,
,
,
,
,
,
,
,
,
,
,
,
,
,
,
,
,
,
,
,
,
,
,
,
,
,
,
,
,
,
,
,
,
,
,
,
,
,
,
,
,
,
,
,
,
,
,
,
,
,
,
,
,
,
,
,
,
,
,
,
,
,
,
,
,
,
,
,
,
,
,
,
,
,
,
,
,
,
,
,
,
,
,
,
,
,
,
,
,
,
,
,
,
,
,
,
,
,
,
,
,
,
,
,
,
,
,
,
,
,
,
,
,
,
,
,
,
,
,
,
,
,
,
,
,
,
,
,
,
,
,
,
,
,
,
,
,
,
,
,
,
,
,
,
,
,
,
,
,
,
,
,
,
,
,
,
,
,
,
,
,
,
,
,
,
,
,
,
,
,
,
,
,
,
,
,
,
,
,
,
,
,
,
,
,
,
,
,
,
,
,
,
,
,
,
,
,
,
,
,
,
,
,
,
,
,
,
,
,
,
,
,
,
,
,
,
,
,
,
,
,
,
,
,
,
,
,
,
,
,
,
,
,
,
,
,
,
,
,
,
,
,
,
,
,
,
,
,
,
,
,
,
,
,
,
,
,
,
,
,
,
,
,
,
,
,
,
,
,
,
,
,
,
,
,
,
,
,
,
,
,
,
,
,
,
,
,
,
,
,
,
,
,
,
,
,
,
,
,
,
,
,
,
,
,
,
,
,
,
,
,
,
,
,
,
,
,
,
,
,
,
,
,
,
,
,
,
,
,
,
,
,
,
,
,
,
,
,
,
,
,
,
,
,
,
,
,
,
,
,
,
,
,
,
,
,
,
,
,
,
,
,
,
,
,
,
,
,
,
,
,
,
,
,
,
,
,
,
,
,
,
,
,
,
,
,
,
,
,
,
,
,
,
,
,
,
,
,
,
,
,
,
,
,
,
,
,
,
,
,
,
,
,
,
,
,
,
,
,
,
,
,
,
,
,
,
,
,
,
,
,
,
,
,
,
,
,
,
,
,
,
,
,
,
,
,
,
,
,
,
,
,
,
,
,
,
,
,
,
,
,
,
,
,
,
,
,
,
,
,
,
,
,
,
,
,
,
,
,
,
,
,
,
,
,
,
,
,
,
,
,
,
,
,
,
,
,
,
,
,
,
,
,
,
,
,
,
,
,
,
,
,
,
,
,
,
,
,
,
,
,
,
,
,
,
,
,
,
,
,
,
,
,
,
,
,
,
,
,
,
,
,
,
,
,
,
,
,
,
,
,
,
,
,
,
,
,
,
,
,
,
,
,
,
,
,
,
,
,
,
,
,
,
,
,
,
,
,
,
,
,
,
,
,
,
,
,
,
,
,
,
,
,
,
,
,
,
,
,
,
,
,
,
,
,
,
,
,
,
,
,
,
,
,
,
,
,
,
,
,
,
,
,
,
,
,
,
,
,
,
,
,
,
,
,
,
,
,
,
,
,
,
,
,
,
,
,
,
,
,
,
,
,
,
,
,
,
,
,
,
,
,
,
,
,
,
,
,
,
,
,
,
,
,
,
,
,
,
,
,
,
,
,
,
,
,
,
,
,
,
,
,
,
,
,
,
,
,
,
,
,
,
,
,
,
,
,
,
,
,
,
,
,
,
,
,
,
,
,
,
,
,
,
,
,
,
,
,
,
,
,
,
,
,
,
,
,
,
,
,
,
,
,
,
,
,
,
,
,
,
,
,
,
,
,
,
,
,
,
,
,
,
,
,
,
,
,
,
,
,
,
,
,
,
,
,
,
,
,
,
,
,
,
,
,
,
,
,
,
,
,
,
,
,
,
,
,
,
,
,
,
,
,
,
,
,
,
,
,
,
,
,
,
,
,
,
,
,
,
,
,
,
,
,
,
,
,
,
,
,
,
,
,
,
,
,
,
,
,
,
,
,
,
,
,
,
,
,
,
,
,
,
,
,
,
,
,
,
,
,
,
,
,
,
,
,
,
,
,
,
,
,
,
,
,
,
,
,
,
,
,
,
,
,
,
,
,
,
,
,
,
,
,
,
,
,
,
,
,
,
,
,
,
,
,
,
,
,
,
,
,
,
,
,
,
,
,
,
,
,
,
,
,
,
,
,
,
,
,
,
,
,
,
,
,
,
,
,
,
,
,
,
,
,
,
,
,
,
,
,
,
,
,
,
,
,
,
,
,
,
,
,
,
,
,
,
,
,
,
,
,
,
,
,
,
,
,
,
,
,
,
,
,
,
,
,
,
,
,
,
,
,
,
,
,
,
,
,
,
,
,
,
,
,
,
,
,
,
,
,
,
,
,
,
,
,
,
,
,
,
,
,
,
,
,
,
,
,
,
,
,
,
,
,
,
,
,
,
,
,
,
,
,
,
,
,
,
,
,
,
,
,
,
,
,
,
,
,
,
,
,
,
,
,
,
,
,
,
,
,
,
,
,
,
,
,
,
,
,
,
,
,
,
,
,
,
,
,
,
,
,
,
,
,
,
,
,
,
,
,
,
,
,
,
,
,
,
,
,
,
,
,
,
,
,
,
,
,
,
,
,
,
,
,
,
,
,
,
,
,
,
,
,
,
,
,
,
,
,
,
,
,
,
,
,
,
,
,
,
,
,
,
,
,
,
,
,
,
,
,
,
,
,
,
,
,
,
,
,
,
,
,
,
,
,
,
,
,
,
,
,
,
,
,
,
,
,
,
,
,
,
,
,
,
,
,
,
,
,
,
,
,
,
,
,
,
,
,
,
,
,
,
,
,
,
,
,
,
,
,
,
,
,
,
,
,
,
,
,
,
,
,
,
,
,
,
,
,
,
,
,
,
,
,
,
,
,
,
,
,
,
,
,
,
,
,
,
,
,
,
,
,
,
,
,
,
,
,
,
,
,
,
,
,
,
,
,
,
,
,
,
,
,
,
,
,
,
,
,
,
,
,
,
,
,
,
,
,
,
,
,
,
,
,
,
,
,
,
,
,
,
,
,
,
,
,
,
,
,
,
,
,
,
,
,
,
,
,
,
,
,
,
,
,
,
,
,
,
,
,
,
,
,
,
,
,
,
,
,
,
,
,
,
,
,
,
,
,
,
,
,
,
,
,
,
,
,
,
,
,
,
,
,
,
,
,
,
,
,
,
,
,
,
,
,
,
,
,
,
,
,
,
,
,
,
,
,
,
,
,
,
,
,
,
,
,
,
,
,
,
,
,
,
,
,
,
,
,
,
,
,
,
,
,
,
,
,
,
,
,
,
,
,
,
,
,
,
,
,
,
,
,
,
,
,
,
,
,
,
,
,
,
,
,
,
,
,
,
,
,
,
,
,
,
,
,
,
,
,
,
,
,
,
,
,
,
,
,
,
,
,
,
,
,
,
,
,
,
,
,
,
,
,
,
,
,
,
,
,
,
,
,
,
,
,
,
,
,
,
,
,
,
,
,
,
,
,
,
,
,
,
,
,
,
,
,
,
,
,
,
,
,
,
,
,
,
,
,
,
,
,
,
,
,
,
,
,
,
,
,
,
,
,
,
,
,
,
,
,
,
,
,
,
,
,
,
,
,
,
,
,
,
,
,
,
,
,
,
,
,
,
,
,
,
,
,
,
,
,
,
,
,
,
,
,
,
,
,
,
,
,
,
,
,
,
,
,
,
,
,
,
,
,
,
,
,
,
,
,
,
,
,
,
,
,
,
,
,
,
,
,
,
,
,
,
,
,
,
,
,
,
,
,
,
,
,
,
,
,
,
,
,
,
,
,
,
,
,
,
,
,
,
,
,
,
,
,
,
,
,
,
,
,
,
,
,
,
,
,
,
,
,
,
,
,
,
,
,
,
,
,
,
,
,
,
,
,
,
,
,
,
,
,
,
,
,
,
,
,
,
,
,
,
,
,
,
,
,
,
,
,
,
,
,
,
,
,
,
,
,
,
,
,
,
,
,
,
,
,
,
,
,
,
,
,
,
,
,
,
,
,
,
,
,
,
,
,
,
,
,
,
,
,
,
,
,
,
,
,
,
,
,
,
,
,
,
,
,
,
,
,
,
,
,
,
,
,
,
,
,
,
,
,
,
,
,
,
,
,
,
,
,
,
,
,
,
,
,
,
,
,
,
,
,
,
,
,
,
,
,
,
,
,
,
,
,
,
,
,
,
,
,
,
,
,
,
,
,
,
,
,
,
,
,
,
,
,
,
,
,
,
,
,
,
,
,
,
,
,
,
,
,
,
,
,
,
,
,
,
,
,
,
,
,
,
,
,
,
,
,
,
,
,
,
,
,
,
,
,
,
,
,
,
,
,
,
,
,
,
,
,
,
,
,
,
,
,
,
,
,
,
,
,
,
,
,
,
,
,
,
,
,
,
,
,
,
,
,
,
,
,
,
,
,
,
,
,
,
,
,
,
,
,
,
,
,
,
,
,
,
,
,
,
,
,
,
,
,
,
,
,
,
,
,
,
,
,
,
,
,
,
,
,
,
,
,
,
,
,
,
,
,
,
,
,
,
,
,
,
,
,
,
,
,
,
,
,
,
,
,
,
,
,
,
,
,
,
,
,
,
,
,
,
,
,
,
,
,
,
,
,
,
,
,
,
,
,
,
,
,
,
,
,
,
,
,
,
,
,
,
,
,
,
,
,
,
,
,
,
,
,
,
,
,
,
,
,
,
,
,
,
,
,
,
,
,
,
,
,
,
,
,
,
,
,
,
,
,
,
,
,
,
,
,
,
,
,
,
,
,
,
,
,
,
,
,
,
,
,
,
,
,
,
,
,
,
,
,
,
,
,
,
,
,
,
,
,
,
,
,
,
,
,
,
,
,
,
,
,
,
,
,
,
,
,
,
,
,
,
,
,
,
,
,
,
,
,
,
,
,
,
,
,
,
,
,
,
,
,
,
,
,
,
,
,
,
,
,
,
,
,
,
,
,
,
,
,
,
,
,
,
,
,
,
,
,
,
,
,
,
,
,
,
,
,
,
,
,
,
,
,
,
,
,
,
,
,
,
,
,
,
,
,
,
,
,
,
,
,
,
,
,
,
,
,
,
,
,
,
,
,
,
,
,
,
,
,
,
,
,
,
,
,
,
,
,
,
,
,
,
,
,
,
,
,
,
,
,
,
,
,
,
,
,
,
,
,
,
,
,
,
,
,
,
,
,
,
,
,
,
,
,
,
,
,
,
,
,
,
,
,
,
,
,
,
,
,
,
,
,
,
,
,
,
,
,
,
,
,
,
,
,
,
,
,
,
,
,
,
,
,
,
,
,
,
,
,
,
,
,
,
,
,
,
,
,
,
,
,
,
,
,
,
,
,
,
,
,
,
,
,
,
,
,
,
,
,
,
,
,
,
,
,
,
,
,
,
,
,
,
,
,
,
,
,
,
,
,
,
,
,
,
,
,
,
,
,
,
,
,
,
,
,
,
,
,
,
,
,
,
,
,
,
,
,
,
,
,
,
,
,
,
,
,
,
,
,
,
,
,
,
,
,
,
,
,
,
,
,
,
,
,
,
,
,
,
,
,
,
,
,
,
,
,
,
,
,
,
,
,
,
,
,
,
,
,
,
,
,
,
,
,
,
,
,
,
,
,
,
,
,
,
,
,
,
,
,
,
,
,
,
,
,
,
,
,
,
,
,
,
,
,
,
,
,
,
,
,
,
,
,
,
,
,
,
,
,
,
,
,
,
,
,
,
,
,
,
,
,
,
,
,
,
,
,
,
,
,
,
,
,
,
,
,
,
,
,
,
,
,
,
,
,
,
,
,
,
,
,
,
,
,
,
,
,
,
,
,
,
,
,
,
,
,
,
,
,
,
,
,
,
,
,
,
,
,
,
,
,
,
,
,
,
,
,
,
,
,
,
,
,
,
,
,
,
,
,
,
,
,
,
,
,
,
,
,
,
,
,
,
,
,
,
,
,
,
,
,
,
,
,
,
,
,
,
,
,
,
,
,
,
,
,
,
,
,
,
,
,
,
,
,
,
,
,
,
,
,
,
,
,
,
,
,
,
,
,
,
,
,
,
,
,
,
,
,
,
,
,
,
,
,
,
,
,
,
,
,
,
,
,
,
,
,
,
,
,
,
,
,
,
,
,
,
,
,
,
,
,
,
,
,
,
,
,
,
,
,
,
,
,
,
,
,
,
,
,
,
,
,
,
,
,
,
,
,
,
,
,
,
,
,
,
,
,
,
,
,
,
,
,
,
,
,
,
,
,
,
,
,
,
,
,
,
,
,
,
,
,
,
,
,
,
,
,
,
,
,
,
,
,
,
,
,
,
,
,
,
,
,
,
,
,
,
,
,
,
,
,
,
,
,
,
,
,
,
,
,
,
,
,
,
,
,
,
,
,
,
,
,
,
,
,
,
,
,
,
,
,
,
,
,
,
,
,
,
,
,
,
,
,
,
,
,
,
,
,
,
,
,
,
,
,
,
,
,
,
,
,
,
,
,
,
,
,
,
,
,
,
,
,
,
,
,
,
,
,
,
,
,
,
,
,
,
,
,
,
,
,
,
,
,
,
,
,
,
,
,
,
,
,
,
,
,
,
,
,
,
,
,
,
,
,
,
,
,
,
,
,
,
,
,
,
,
,
,
,
,
,
,
,
,
,
,
,
,
,
,
,
,
,
,
,
,
,
,
,
,
,
,
,
,
,
,
,
,
,
,
,
,
,
,
,
,
,
,
,
,
,
,
,
,
,
,
,
,
,
,
,
,
,
,
,
,
,
,
,
,
,
,
,
,
,
,
,
,
,
,
,
,
,
,
,
,
,
,
,
,
,
,
,
,
,
,
,
,
,
,
,
,
,
,
,
,
,
,
,
,
,
,
,
,
,
,
,
,
,
,
,
,
,
,
,
,
,
,
,
,
,
,
,
,
,
,
,
,
,
,
,
,
,
,
,
,
,
,
,
,
,
,
,
,
,
,
,
,
,
,
,
,
,
,
,
,
,
,
,
,
,
,
,
,
,
,
,
,
,
,
,
,
,
,
,
,
,
,
,
,
,
,
,
,
,
,
,
,
,
,
,
,
,
,
,
,
,
,
,
,
,
,
,
,
,
,
,
,
,
,
,
,
,
,
,
,
,
,
,
,
,
,
,
,
,
,
,
,
,
,
,
,
,
,
,
,
,
,
,
,
,
,
,
,
,
,
,
,
,
,
,
,
,
,
,
,
,
,
,
,
,
,
,
,
,
,
,
,
,
,
,
,
,
,
,
,
,
,
,
,
,
,
,
,
,
,
,
,
,
,
,
,
,
,
,
,
,
,
,
,
,
,
,
,
,
,
,
,
,
,
,
,
,
,
,
,
,
,
,
,
,
,
,
,
,
,
,
,
,
,
,
,
,
,
,
,
,
,
,
,
,
,
,
,
,
,
,
,
,
,
,
,
,
,
,
,
,
,
,
,
,
,
,
,
,
,
,
,
,
,
,
,
,
,
,
,
,
,
,
,
,
,
,
,
,
,
,
,
,
,
,
,
,
,
,
,
,
,
,
,
,
,
,
,
,
,
,
,
,
,
,
,
,
,
,
,
,
,
,
,
,
,
,
,
,
,
,
,
,
,
,
,
,
,
,
,
,
,
,
,
,
,
,
,
,
,
,
,
,
,
,
,
,
,
,
,
,
,
,
,
,
,
,
,
,
,
,
,
,
,
,
,
,
,
,
,
,
,
,
,
,
,
,
,
,
,
,
,
,
,
,
,
,
,
,
,
,
,
,
,
,
,
,
,
,
,
,
,
,
,
,
,
,
,
,
,
,
,
,
,
,
,
,
,
,
,
,
,
,
,
,
,
,
,
,
,
,
,
,
,
,
,
,
,
,
,
,
,
,
,
,
,
,
,
,
,
,
,
,
,
,
,
,
,
,
,
,
,
,
,
,
,
,
,
,
,
,
,
,
,
,
,
,
,
,
,
,
,
,
,
,
,
,
,
,
,
,
,
,
,
,
,
,
,
,
,
,
,
,
,
,
,
,
,
,
,
,
,
,
,
,
,
,
,
,
,
,
,
,
,
,
,
,
,
,
,
,
,
,
,
,
,
,
,
,
,
,
,
,
,
,
,
,
,
,
,
,
,
,
,
,
,
,
,
,
,
,
,
,
,
,
,
,
,
,
,
,
,
,
,
,
,
,
,
,
,
,
,
,
,
,
,
,
,
,
,
,
,
,
,
,
,
,
,
,
,
,
,
,
,
,
,
,
,
,
,
,
,
,
,
,
,
,
,
,
,
,
,
,
,
,
,
,
,
,
,
,
,
,
,
,
,
,
,
,
,
,
,
,
,
,
,
,
,
,
,
,
,
,
,
,
,
,
,
,
,
,
,
,
,
,
,
,
,
,
,
,
,
,
,
,
,
,
,
,
,
,
,
,
,
,
,
,
,
,
,
,
,
,
,
,
,
,
,
,
,
,
,
,
,
,
,
,
,
,
,
,
,
,
,
,
,
,
,
,
,
,
,
,
,
,
,
,
,
,
,
,
,
,
,
,
,
,
,
,
,
,
,
,
,
,
,
,
,
,
,
,
,
,
,
,
,
,
,
,
,
,
,
,
,
,
,
,
,
,
,
,
,
,
,
,
,
,
,
,
,
,
,
,
,
,
,
,
,
,
,
,
,
,
,
,
,
,
,
,
,
,
,
,
,
,
,
,
,
,
,
,
,
,
,
,
,
,
,
,
,
,
,
,
,
,
,
,
,
,
,
,
,
,
,
,
,
,
,
,
,
,
,
,
,
,
,
,
,
,
,
,
,
,
,
,
,
,
,
,
,
,
,
,
,
,
,
,
,
,
,
,
,
,
,
,
,
,
,
,
,
,
,
,
,
,
,
,
,
,
,
,
,
,
,
,
,
,
,
,
,
,
,
,
,
,
,
,
,
,
,
,
,
,
,
,
,
,
,
,
,
,
,
,
,
,
,
,
,
,
,
,
,
,
,
,
,
,
,
,
,
,
,
,
,
,
,
,
,
,
,
,
,
,
,
,
,
,
,
,
,
,
,
,
,
,
,
,
,
,
,
,
,
,
,
,
,
,
,
,
,
,
,
,
,
,
,
,
,
,
,
,
,
,
,
,
,
,
,
,
,
,
,
,
,
,
,
,
,
,
,
,
,
,
,
,
,
,
,
,
,
,
,
,
,
,
,
,
,
,
,
,
,
,
,
,
,
,
,
,
,
,
,
,
,
,
,
,
,
,
,
,
,
,
,
,
,
,
,
,
,
,
,
,
,
,
,
,
,
,
,
,
,
,
,
,
,
,
,
,
,
,
,
,
,
,
,
,
,
,
,
,
,
,
,
,
,
,
,
,
,
,
,
,
,
,
,
,
,
,
,
,
,
,
,
,
,
,
,
,
,
,
,
,
,
,
,
,
,
,
,
,
,
,
,
,
,
,
,
,
,
,
,
,
,
,
,
,
,
,
,
,
,
,
,
,
,
,
,
,
,
,
,
,
,
,
,
,
,
,
,
,
,
,
,
,
,
,
,
,
,
,
,
,
,
,
,
,
,
,
,
,
,
,
,
,
,
,
,
,
,
,
,
,
,
,
,
,
,
,
,
,
,
,
,
,
,
,
,
,
,
,
,
,
,
,
,
,
,
,
,
,
,
,
,
,
,
,
,
,
,
,
,
,
,
,
,
,
,
,
,
,
,
,
,
,
,
,
,
,
,
,
,
,
,
,
,
,
,
,
,
,
,
,
,
,
,
,
,
,
,
,
,
,
,
,
,
,
,
,
,
,
,
,
,
,
,
,
,
,
,
,
,
,
,
,
,
,
,
,
,
,
,
,
,
,
,
,
,
,
,
,
,
,
,
,
,
,
,
,
,
,
,
,
,
,
,
,
,
,
,
,
,
,
,
,
,
,
,
,
,
,
,
,
,
,
,
,
,
,
,
,
,
,
,
,
,
,
,
,
,
,
,
,
,
,
,
,
,
,
,
,
,
,
,
,
,
,
,
,
,
,
,
,
,
,
,
,
,
,
,
,
,
,
,
,
,
,
,
,
,
,
,
,
,
,
,
,
,
,
,
,
,
,
,
,
,
,
,
,
,
,
,
,
,
,
,
,
,
,
,
,
,
,
,
,
,
,
,
,
,
,
,
,
,
,
,
,
,
,
,
,
,
,
,
,
,
,
,
,
,
,
,
,
,
,
,
,
,
,
,
,
,
,
,
,
,
,
,
,
,
,
,
,
,
,
,
,
,
,
,
,
,
,
,
,
,
,
,
,
,
,
,
,
,
,
,
,
,
,
,
,
,
,
,
,
,
,
,
,
,
,
,
,
,
,
,
,
,
,
,
,
,
,
,
,
,
,
,
,
,
,
,
,
,
,
,
,
,
,
,
,
,
,
,
,
,
,
,
,
,
,
,
,
,
,
,
,
,
,
,
,
,
,
,
,
,
,
,
,
,
,
,
,
,
,
,
,
,
,
,
,
,
,
,
,
,
,
,
,
,
,
,
,
,
,
,
,
,
,
,
,
,
,
,
,
,
,
,
,
,
,
,
,
,
,
,
,
,
,
,
,
,
,
,
,
,
,
,
,
,
,
,
,
,
,
,
,
,
,
,
,
,
,
,
,
,
,
,
,
,
,
,
,
,
,
,
,
,
,
,
,
,
,
,
,
,
,
,
,
,
,
,
,
,
,
,
,
,
,
,
,
,
,
,
,
,
,
,
,
,
,
,
,
,
,
,
,
,
,
,
,
,
,
,
,
,
,
,
,
,
,
,
,
,
,
,
,
,
,
,
,
,
,
,
,
,
,
,
,
,
,
,
,
,
,
,
,
,
,
,
,
,
,
,
,
,
,
,
,
,
,
,
,
,
,
,
,
,
,
,
,
,
,
,
,
,
,
,
,
,
,
,
,
,
,
,
,
,
,
,
,
,
,
,
,
,
,
,
,
,
,
,
,
,
,
,
,
,
,
,
,
,
,
,
,
,
,
,
,
,
,
,
,
,
,
,
,
,
,
,
,
,
,
,
,
,
,
,
,
,
,
,
,
,
,
,
,
,
,
,
,
,
,
,
,
,
,
,
,
,
,
,
,
,
,
,
,
,
,
,
,
,
,
,
,
,
,
,
,
,
,
,
,
,
,
,
,
,
,
,
,
,
,
,
,
,
,
,
,
,
,
,
,
,
,
,
,
,
,
,
,
,
,
,
,
,
,
,
,
,
,
,
,
,
,
,
,
,
,
,
,
,
,
,
,
,
,
,
,
,
,
,
,
,
,
,
,
,
,
,
,
,
,
,
,
,
,
,
,
,
,
,
,
,
,
,
,
,
,
,
,
,
,
,
,
,
,
,
,
,
,
,
,
,
,
,
,
,
,
,
,
,
,
,
,
,
,
,
,
,
,
,
,
,
,
,
,
,
,
,
,
,
,
,
,
,
,
,
,
,
,
,
,
,
,
,
,
,
,
,
,
,
,
,
,
,
,
,
,
,
,
,
,
,
,
,
,
,
,
,
,
,
,
,
,
,
,
,
,
,
,
,
,
,
,
,
,
,
,
,
,
,
,
,
,
,
,
,
,
,
,
,
,
,
,
,
,
,
,
,
,
,
,
,
,
,
,
,
,
,
,
,
,
,
,
,
,
,
,
,
,
,
,
,
,
,
,
,
,
,
,
,
,
,
,
,
,
,
,
,
,
,
,
,
,
,
,
,
,
,
,
,
,
,
,
,
,
,
,
,
,
,
,
,
,
,
,
,
,
,
,
,
,
,
,
,
,
,
,
,
,
,
,
,
,
,
,
,
,
,
,
,
,
,
,
,
,
,
,
,
,
,
,
,
,
,
,
,
,
,
,
,
,
,
,
,
,
,
,
,
,
,
,
,
,
,
,
,
,
,
,
,
,
,
,
,
,
,
,
,
,
,
,
,
,
,
,
,
,
,
,
,
,
,
,
,
,
,
,
,
,
,
,
,
,
,
,
,
,
,
,
,
,
,
,
,
,
,
,
,
,
,
,
,
,
,
,
,
,
,
,
,
,
,
,
,
,
,
,
,
,
,
,
,
,
,
,
,
,
,
,
,
,
,
,
,
,
,
,
,
,
,
,
,
,
,
,
,
,
,
,
,
,
,
,
,
,
,
,
,
,
,
,
,
,
,
,
,
,
,
,
,
,
,
,
,
,
,
,
,
,
,
,
,
,
,
,
,
,
,
,
,
,
,
,
,
,
,
,
,
,
,
,
,
,
,
,
,
,
,
,
,
,
,
,
,
,
,
,
,
,
,
,
,
,
,
,
,
,
,
,
,
,
,
,
,
,
,
,
,
,
,
,
,
,
,
,
,
,
,
,
,
,
,
,
,
,
,
,
,
,
,
,
,
,
,
,
,
,
,
,
,
,
,
,
,
,
,
,
,
,
,
,
,
,
,
,
,
,
,
,
,
,
,
,
,
,
,
,
,
,
,
,
,
,
,
,
,
,
,
,
,
,
,
,
,
,
,
,
,
,
,
,
,
,
,
,
,
,
,
,
,
,
,
,
,
,
,
,
,
,
,
,
,
,
,
,
,
,
,
,
,
,
,
,
,
,
,
,
,
,
,
,
,
,
,
,
,
,
,
,
,
,
,
,
,
,
,
,
,
,
,
,
,
,
,
,
,
,
,
,
,
,
,
,
,
,
,
,
,
,
,
,
,
,
,
,
,
,
,
,
,
,
,
,
,
,
,
,
,
,
,
,
,
,
,
,
,
,
,
,
,
,
,
,
,
,
,
,
,
,
,
,
,
,
,
,
,
,
,
,
,
,
,
,
,
,
,
,
,
,
,
,
,
,
,
,
,
,
,
,
,
,
,
,
,
,
,
,
,
,
,
,
,
,
,
,
,
,
,
,
,
,
,
,
,
,
,
,
,
,
,
,
,
,
,
,
,
,
,
,
,
,
,
,
,
,
,
,
,
,
,
,
,
,
,
,
,
,
,
,
,
,
,
,
,
,
,
,
,
,
,
,
,
,
,
,
,
,
,
,
,
,
,
,
,
,
,
,
,
,
,
,
,
,
,
,
,
,
,
,
,
,
,
,
,
,
,
,
,
,
,
,
,
,
,
,
,
,
,
,
,
,
,
,
,
,
,
,
,
,
,
,
,
,
,
,
,
,
,
,
,
,
,
,
,
,
,
,
,
,
,
,
,
,
,
,
,
,
,
,
,
,
,
,
,
,
,
,
,
,
,
,
,
,
,
,
,
,
,
,
,
,
,
,
,
,
,
,
,
,
,
,
,
,
,
,
,
,
,
,
,
,
,
,
,
,
,
,
,
,
,
,
,
,
,
,
,
,
,
,
,
,
,
,
,
,
,
,
,
,
,
,
,
,
,
,
,
,
,
,
,
,
,
,
,
,
,
,
,
,
,
,
,
,
,
,
,
,
,
,
,
,
,
,
,
,
,
,
,
,
,
,
,
,
,
,
,
,
,
,
,
,
,
,
,
,
,
,
,
,
,
,
,
,
,
,
,
,
,
,
,
,
,
,
,
,
,
,
,
,
,
,
,
,
,
,
,
,
,
,
,
,
,
,
,
,
,
,
,
,
,
,
,
,
,
,
,
,
,
,
,
,
,
,
,
,
,
,
,
,
,
,
,
,
,
,
,
,
,
,
,
,
,
,
,
,
,
,
,
,
,
,
,
,
,
,
,
,
,
,
,
,
,
,
,
,
,
,
,
,
,
,
,
,
,
,
,
,
,
,
,
,
,
,
,
,
,
,
,
,
,
,
,
,
,
,
,
,
,
,
,
,
,
,
,
,
,
,
,
,
,
,
,
,
,
,
,
,
,
,
,
,
,
,
,
,
,
,
,
,
,
,
,
,
,
,
,
,
,
,
,
,
,
,
,
,
,
,
,
,
,
,
,
,
,
,
,
,
,
,
,
,
,
,
,
,
,
,
,
,
,
,
,
,
,
,
,
,
,
,
,
,
,
,
,
,
,
,
,
,
,
,
,
,
,
,
,
,
,
,
,
,
,
,
,
,
,
,
,
,
,
,
,
,
,
,
,
,
,
,
,
,
,
,
,
,
,
,
,
,
,
,
,
,
,
,
,
,
,
,
,
,
,
,
,
,
,
,
,
,
,
,
,
,
,
,
,
,
,
,
,
,
,
,
,
,
,
,
,
,
,
,
,
,
,
,
,
,
,
,
,
,
,
,
,
,
,
,
,
,
,
,
,
,
,
,
,
,
,
,
,
,
,
,
,
,
,
,
,
,
,
,
,
,
,
,
,
,
,
,
,
,
,
,
,
,
,
,
,
,
,
,
,
,
,
,
,
,
,
,
,
,
,
,
,
,
,
,
,
,
,
,
,
,
,
,
,
,
,
,
,
,
,
,
,
,
,
,
,
,
,
,
,
,
,
,
,
,
,
,
,
,
,
,
,
,
,
,
,
,
,
,
,
,
,
,
,
,
,
,
,
,
,
,
,
,
,
,
,
,
,
,
,
,
,
,
,
,
,
,
,
,
,
,
,
,
,
,
,
,
,
,
,
,
,
,
,
,
,
,
,
,
,
,
,
,
,
,
,
,
,
,
,
,
,
,
,
,
,
,
,
,
,
,
,
,
,
,
,
,
,
,
,
,
,
,
,
,
,
,
,
,
,
,
,
,
,
,
,
,
,
,
,
,
,
,
,
,
,
,
,
,
,
,
,
,
,
,
,
,
,
,
,
,
,
,
,
,
,
,
,
,
,
,
,
,
,
,
,
,
,
,
,
,
,
,
,
,
,
,
,
,
,
,
,
,
,
,
,
,
,
,
,
,
,
,
,
,
,
,
,
,
,
,
,
,
,
,
,
,
,
,
,
,
,
,
,
,
,
,
,
,
,
,
,
,
,
,
,
,
,
,
,
,
,
,
,
,
,
,
,
,
,
,
,
,
,
,
,
,
,
,
,
,
,
,
,
,
,
,
,
,
,
,
,
,
,
,
,
,
,
,
,
,
,
,
,
,
,
,
,
,
,
,
,
,
,
,
,
,
,
,
,
,
,
,
,
,
,
,
,
,
,
,
,
,
,
,
,
,
,
,
,
,
,
,
,
,
,
,
,
,
,
,
,
,
,
,
,
,
,
,
,
,
,
,
,
,
,
,
,
,
,
,
,
,
,
,
,
,
,
,
,
,
,
,
,
,
,
,
,
,
,
,
,
,
,
,
,
,
,
,
,
,
,
,
,
,
,
,
,
,
,
,
,
,
,
,
,
,
,
,
,
,
,
,
,
,
,
,
,
,
,
,
,
,
,
,
,
,
,
,
,
,
,
,
,
,
,
,
,
,
,
,
,
,
,
,
,
,
,
,
,
,
,
,
,
,
,
,
,
,
,
,
,
,
,
,
,
,
,
,
,
,
,
,
,
,
,
,
,
,
,
,
,
,
,
,
,
,
,
,
,
,
,
,
,
,
,
,
,
,
,
,
,
,
,
,
,
,
,
,
,
,
,
,
,
,
,
,
,
,
,
,
,
,
,
,
,
,
,
,
,
,
,
,
,
,
,
,
,
,
,
,
,
,
,
,
,
,
,
,
,
,
,
,
,
,
,
,
,
,
,
,
,
,
,
,
,
,
,
,
,
,
,
,
,
,
,
,
,
,
,
,
,
,
,
,
,
,
,
,
,
,
,
,
,
,
,
,
,
,
,
,
,
,
,
,
,
,
,
,
,
,
,
,
,
,
,
,
,
,
,
,
,
,
,
,
,
,
,
,
,
,
,
,
,
,
,
,
,
,
,
,
,
,
,
,
,
,
,
,
,
,
,
,
,
,
,
,
,
,
,
,
,
,
,
,
,
,
,
,
,
,
,
,
,
,
,
,
,
,
,
,
,
,
,
,
,
,
,
,
,
,
,
,
,
,
,
,
,
,
,
,
,
,
,
,
,
,
,
,
,
,
,
,
,
,
,
,
,
,
,
,
,
,
,
,
,
,
,
,
,
,
,
,
,
,
,
,
,
,
,
,
,
,
,
,
,
,
,
,
,
,
,
,
,
,
,
,
,
,
,
,
,
,
,
,
,
,
,
,
,
,
,
,
,
,
,
,
,
,
,
,
,
,
,
,
,
,
,
,
,
,
,
,
,
,
,
,
,
,
,
,
,
,
,
,
,
,
,
,
,
,
,
,
,
,
,
,
,
,
,
,
,
,
,
,
,
,
,
,
,
,
,
,
,
,
,
,
,
,
,
,
,
,
,
,
,
,
,
,
,
,
,
,
,
,
,
,
,
,
,
,
,
,
,
,
,
,
,
,
,
,
,
,
,
,
,
,
,
,
,
,
,
,
,
,
,
,
,
,
,
,
,
,
,
,
,
,
,
,
,
,
,
,
,
,
,
,
,
,
,
,
,
,
,
,
,
,
,
,
,
,
,
,
,
,
,
,
,
,
,
,
,
,
,
,
,
,
,
,
,
,
,
,
,
,
,
,
,
,
,
,
,
,
,
,
,
,
,
,
,
,
,
,
,
,
,
,
,
,
,
,
,
,
,
,
,
,
,
,
,
,
,
,
,
,
,
,
,
,
,
,
,
,
,
,
,
,
,
,
,
,
,
,
,
,
,
,
,
,
,
,
,
,
,
,
,
,
,
,
,
,
,
,
,
,
,
,
,
,
,
,
,
,
,
,
,
,
,
,
,
,
,
,
,
,
,
,
,
,
,
,
,
,
,
,
,
,
,
,
,
,
,
,
,
,
,
,
,
,
,
,
,
,
,
,
,
,
,
,
,
,
,
,
,
,
,
,
,
,
,
,
,
,
,
,
,
,
,
,
,
,
,
,
,
,
,
,
,
,
,
,
,
,
,
,
,
,
,
,
,
,
,
,
,
,
,
,
,
,
,
,
,
,
,
,
,
,
,
,
,
,
,
,
,
,
,
,
,
,
,
,
,
,
,
,
,
,
,
,
,
,
,
,
,
,
,
,
,
,
,
,
,
,
,
,
,
,
,
,
,
,
,
,
,
,
,
,
,
,
,
,
,
,
,
,
,
,
,
,
,
,
,
,
,
,
,
,
,
,
,
,
,
,
,
,
,
,
,
,
,
,
,
,
,
,
,
,
,
,
,
,
,
,
,
,
,
,
,
,
,
,
,
,
,
,
,
,
,
,
,
,
,
,
,
,
,
,
,
,
,
,
,
,
,
,
,
,
,
,
,
,
,
,
,
,
,
,
,
,
,
,
,
,
,
,
,
,
,
,
,
,
,
,
,
,
,
,
,
,
,
,
,
,
,
,
,
,
,
,
,
,
,
,
,
,
,
,
,
,
,
,
,
,
,
,
,
,
,
,
,
,
,
,
,
,
,
,
,
,
,
,
,
,
,
,
,
,
,
,
,
,
,
,
,
,
,
,
,
,
,
,
,
,
,
,
,
,
,
,
,
,
,
,
,
,
,
,
,
,
,
,
,
,
,
,
,
,
,
,
,
,
,
,
,
,
,
,
,
,
,
,
,
,
,
,
,
,
,
,
,
,
,
,
,
,
,
,
,
,
,
,
,
,
,
,
,
,
,
,
,
,
,
,
,
,
,
,
,
,
,
,
,
,
,
,
,
,
,
,
,
,
,
,
,
,
,
,
,
,
,
,
,
,
,
,
,
,
,
,
,
,
,
,
,
,
,
,
,
,
,
,
,
,
,
,
,
,
,
,
,
,
,
,
,
,
,
,
,
,
,
,
,
,
,
,
,
,
,
,
,
,
,
,
,
,
,
,
,
,
,
,
,
,
,
,
,
,
,
,
,
,
,
,
,
,
,
,
,
,
,
,
,
,
,
,
,
,
,
,
,
,
,
,
,
,
,
,
,
,
,
,
,
,
,
,
,
,
,
,
,
,
,
,
,
,
,
,
,
,
,
,
,
,
,
,
,
,
,
,
,
,
,
,
,
,
,
,
,
,
,
,
,
,
,
,
,
,
,
,
,
,
,
,
,
,
,
,
,
,
,
,
,
,
,
,
,
,
,
,
,
,
,
,
,
,
,
,
,
,
,
,
,
,
,
,
,
,
,
,
,
,
,
,
,
,
,
,
,
,
,
,
,
,
,
,
,
,
,
,
,
,
,
,
,
,
,
,
,
,
,
,
,
,
,
,
,
,
,
,
,
,
,
,
,
,
,
,
,
,
,
,
,
,
,
,
,
,
,
,
,
,
,
,
,
,
,
,
,
,
,
,
,
,
,
,
,
,
,
,
,
,
,
,
,
,
,
,
,
,
,
,
,
,
,
,
,
,
,
,
,
,
,
,
,
,
,
,
,
,
,
,
,
,
,
,
,
,
,
,
,
,
,
,
,
,
,
,
,
,
,
,
,
,
,
,
,
,
,
,
,
,
,
,
,
,
,
,
,
,
,
,
,
,
,
,
,
,
,
,
,
,
,
,
,
,
,
,
,
,
,
,
,
,
,
,
,
,
,
,
,
,
,
,
,
,
,
,
,
,
,
,
,
,
,
,
,
,
,
,
,
,
,
,
,
,
,
,
,
,
,
,
,
,
,
,
,
,
,
,
,
,
,
,
,
,
,
,
,
,
,
,
,
,
,
,
,
,
,
,
,
,
,
,
,
,
,
,
,
,
,
,
,
,
,
,
,
,
,
,
,
,
,
,
,
,
,
,
,
,
,
,
,
,
,
,
,
,
,
,
,
,
,
,
,
,
,
,
,
,
,
,
,
,
,
,
,
,
,
,
,
,
,
,
,
,
,
,
,
,
,
,
,
,
,
,
,
,
,
,
,
,
,
,
,
,
,
,
,
,
,
,
,
,
,
,
,
,
,
,
,
,
,
,
,
,
,
,
,
,
,
,
,
,
,
,
,
,
,
,
,
,
,
,
,
,
,
,
,
,
,
,
,
,
,
,
,
,
,
,
,
,
,
,
,
,
,
,
,
,
,
,
,
,
,
,
,
,
,
,
,
,
,
,
,
,
,
,
,
,
,
,
,
,
,
,
,
,
,
,
,
,
,
,
,
,
,
,
,
,
,
,
,
,
,
,
,
,
,
,
,
,
,
,
,
,
,
,
,
,
,
,
,
,
,
,
,
,
,
,
,
,
,
,
,
,
,
,
,
,
,
,
,
,
,
,
,
,
,
,
,
,
,
,
,
,
,
,
,
,
,
,
,
,
,
,
,
,
,
,
,
,
,
,
,
,
,
,
,
,
,
,
,
,
,
,
,
,
,
,
,
,
,
,
,
,
,
,
,
,
,
,
,
,
,
,
,
,
,
,
,
,
,
,
,
,
,
,
,
,
,
,
,
,
,
,
,
,
,
,
,
,
,
,
,
,
,
,
,
,
,
,
,
,
,
,
,
,
,
,
,
,
,
,
,
,
,
,
,
,
,
,
,
,
,
,
,
,
,
,
,
,
,
,
,
,
,
,
,
,
,
,
,
,
,
,
,
,
,
,
,
,
,
,
,
,
,
,
,
,
,
,
,
,
,
,
,
,
,
,
,
,
,
,
,
,
,
,
,
,
,
,
,
,
,
,
,
,
,
,
,
,
,
,
,
,
,
,
,
,
,
,
,
,
,
,
,
,
,
,
,
,
,
,
,
,
,
,
,
,
,
,
,
,
,
,
,
,
,
,
,
,
,
,
,
,
,
,
,
,
,
,
,
,
,
,
,
,
,
,
,
,
,
,
,
,
,
,
,
,
,
,
,
,
,
,
,
,
,
,
,
,
,
,
,
,
,
,
,
,
,
,
,
,
,
,
,
,
,
,
,
,
,
,
,
,
,
,
,
,
,
,
,
,
,
,
,
,
,
,
,
,
,
,
,
,
,
,
,
,
,
,
,
,
,
,
,
,
,
,
,
,
,
,
,
,
,
,
,
,
,
,
,
,
,
,
,
,
,
,
,
,
,
,
,
,
,
,
,
,
,
,
,
,
,
,
,
,
,
,
,
,
,
,
,
,
,
,
,
,
,
,
,
,
,
,
,
,
,
,
,
,
,
,
,
,
,
,
,
,
,
,
,
,
,
,
,
,
,
,
,
,
,
,
,
,
,
,
,
,
,
,
,
,
,
,
,
,
,
,
,
,
,
,
,
,
,
,
,
,
,
,
,
,
,
,
,
,
,
,
,
,
,
,
,
,
,
,
,
,
,
,
,
,
,
,
,
,
,
,
,
,
,
,
,
,
,
,
,
,
,
,
,
,
,
,
,
,
,
,
,
,
,
,
,
,
,
,
,
,
,
,
,
,
,
,
,
,
,
,
,
,
,
,
,
,
,
,
,
,
,
,
,
,
,
,
,
,
,
,
,
,
,
,
,
,
,
,
,
,
,
,
,
,
,
,
,
,
,
,
,
,
,
,
,
,
,
,
,
,
,
,
,
,
,
,
,
,
,
,
,
,
,
,
,
,
,
,
,
,
,
,
,
,
,
,
,
,
,
,
,
,
,
,
,
,
,
,
,
,
,
,
,
,
,
,
,
,
,
,
,
,
,
,
,
,
,
,
,
,
,
,
,
,
,
,
,
,
,
,
,
,
,
,
,
,
,
,
,
,
,
,
,
,
,
,
,
,
,
,
,
,
,
,
,
,
,
,
,
,
,
,
,
,
,
,
,
,
,
,
,
,
,
,
,
,
,
,
,
,
,
,
,
,
,
,
,
,
,
,
,
,
,
,
,
,
,
,
,
,
,
,
,
,
,
,
,
,
,
,
,
,
,
,
,
,
,
,
,
,
,
,
,
,
,
,
,
,
,
,
,
,
,
,
,
,
,
,
,
,
,
,
,
,
,
,
,
,
,
,
,
,
,
,
,
,
,
,
,
,
,
,
,
,
,
,
,
,
,
,
,
,
,
,
,
,
,
,
,
,
,
,
,
,
,
,
,
,
,
,
,
,
,
,
,
,
,
,
,
,
,
,
,
,
,
,
,
,
,
,
,
,
,
,
,
,
,
,
,
,
,
,
,
,
,
,
,
,
,
,
,
,
,
,
,
,
,
,
,
,
,
,
,
,
,
,
,
,
,
,
,
,
,
,
,
,
,
,
,
,
,
,
,
,
,
,
,
,
,
,
,
,
,
,
,
,
,
,
,
,
,
,
,
,
,
,
,
,
,
,
,
,
,
,
,
,
,
,
,
,
,
,
,
,
,
,
,
,
,
,
,
,
,
,
,
,
,
,
,
,
,
,
,
,
,
,
,
,
,
,
,
,
,
,
,
,
,
,
,
,
,
,
,
,
,
,
,
,
,
,
,
,
,
,
,
,
,
,
,
,
,
,
,
,
,
,
,
,
,
,
,
,
,
,
,
,
,
,
,
,
,
,
,
,
,
,
,
,
,
,
,
,
,
,
,
,
,
,
,
,
,
,
,
,
,
,
,
,
,
,
,
,
,
,
,
,
,
,
,
,
,
,
,
,
,
,
,
,
,
,
,
,
,
,
,
,
,
,
,
,
,
,
,
,
,
,
,
,
,
,
,
,
,
,
,
,
,
,
,
,
,
,
,
,
,
,
,
,
,
,
,
,
,
,
,
,
,
,
,
,
,
,
,
,
,
,
,
,
,
,
,
,
,
,
,
,
,
,
,
,
,
,
,
,
,
,
,
,
,
,
,
,
,
,
,
,
,
,
,
,
,
,
,
,
,
,
,
,
,
,
,
,
,
,
,
,
,
,
,
,
,
,
,
,
,
,
,
,
,
,
,
,
,
,
,
,
,
,
,
,
,
,
,
,
,
,
,
,
,
,
,
,
,
,
,
,
,
,
,
,
,
,
,
,
,
,
,
,
,
,
,
,
,
,
,
,
,
,
,
,
,
,
,
,
,
,
,
,
,
,
,
,
,
,
,
,
,
,
,
,
,
,
,
,
,
,
,
,
,
,
,
,
,
,
,
,
,
,
,
,
,
,
,
,
,
,
,
,
,
,
,
,
,
,
,
,
,
,
,
,
,
,
,
,
,
,
,
,
,
,
,
,
,
,
,
,
,
,
,
,
,
,
,
,
,
,
,
,
,
,
,
,
,
,
,
,
,
,
,
,
,
,
,
,
,
,
,
,
,
,
,
,
,
,
,
,
,
,
,
,
,
,
,
,
,
,
,
,
,
,
,
,
,
,
,
,
,
,
,
,
,
,
,
,
,
,
,
,
,
,
,
,
,
,
,
,
,
,
,
,
,
,
,
,
,
,
,
,
,
,
,
,
,
,
,
,
,
,
,
,
,
,
,
,
,
,
,
,
,
,
,
,
,
,
,
,
,
,
,
,
,
,
,
,
,
,
,
,
,
,
,
,
,
,
,
,
,
,
,
,
,
,
,
,
,
,
,
,
,
,
,
,
,
,
,
,
,
,
,
,
,
,
,
,
,
,
,
,
,
,
,
,
,
,
,
,
,
,
,
,
,
,
,
,
,
,
,
,
,
,
,
,
,
,
,
,
,
,
,
,
,
,
,
,
,
,
,
,
,
,
,
,
,
,
,
,
,
,
,
,
,
,
,
,
,
,
,
,
,
,
,
,
,
,
,
,
,
,
,
,
,
,
,
,
,
,
,
,
,
,
,
,
,
,
,
,
,
,
,
,
,
,
,
,
,
,
,
,
,
,
,
,
,
,
,
,
,
,
,
,
,
,
,
,
,
,
,
,
,
,
,
,
,
,
,
,
,
,
,
,
,
,
,
,
,
,
,
,
,
,
,
,
,
,
,
,
,
,
,
,
,
,
,
,
,
,
,
,
,
,
,
,
,
,
,
,
,
,
,
,
,
,
,
,
,
,
,
,
,
,
,
,
,
,
,
,
,
,
,
,
,
,
,
,
,
,
,
,
,
,
,
,
,
,
,
,
,
,
,
,
,
,
,
,
,
,
,
,
,
,
,
,
,
,
,
,
,
,
,
,
,
,
,
,
,
,
,
,
,
,
,
,
,
,
,
,
,
,
,
,
,
,
,
,
,
,
,
,
,
,
,
,
,
,
,
,
,
,
,
,
,
,
,
,
,
,
,
,
,
,
,
,
,
,
,
,
,
,
,
,
,
,
,
,
,
,
,
,
,
,
,
,
,
,
,
,
,
,
,
,
,
,
,
,
,
,
,
,
,
,
,
,
,
,
,
,
,
,
,
,
,
,
,
,
,
,
,
,
,
,
,
,
,
,
,
,
,
,
,
,
,
,
,
,
,
,
,
,
,
,
,
,
,
,
,
,
,
,
,
,
,
,
,
,
,
,
,
,
,
,
,
,
,
,
,
,
,
,
,
,
,
,
,
,
,
,
,
,
,
,
,
,
,
,
,
,
,
,
,
,
,
,
,
,
,
,
,
,
,
,
,
,
,
,
,
,
,
,
,
,
,
,
,
,
,
,
,
,
,
,
,
,
,
,
,
,
,
,
,
,
,
,
,
,
,
,
,
,
,
,
,
,
,
,
,
,
,
,
,
,
,
,
,
,
,
,
,
,
,
,
,
,
,
,
,
,
,
,
,
,
,
,
,
,
,
,
,
,
,
,
,
,
,
,
,
,
,
,
,
,
,
,
,
,
,
,
,
,
,
,
,
,
,
,
,
,
,
,
,
,
,
,
,
,
,
,
,
,
,
,
,
,
,
,
,
,
,
,
,
,
,
,
,
,
,
,
,
,
,
,
,
,
,
,
,
,
,
,
,
,
,
,
,
,
,
,
,
,
,
,
,
,
,
,
,
,
,
,
,
,
,
,
,
,
,
,
,
,
,
,
,
,
,
,
,
,
,
,
,
,
,
,
,
,
,
,
,
,
,
,
,
,
,
,
,
,
,
,
,
,
,
,
,
,
,
,
,
,
,
,
,
,
,
,
,
,
,
,
,
,
,
,
,
,
,
,
,
,
,
,
,
,
,
,
,
,
,
,
,
,
,
,
,
,
,
,
,
,
,
,
,
,
,
,
,
,
,
,
,
,
,
,
,
,
,
,
,
,
,
,
,
,
,
,
,
,
,
,
,
,
,
,
,
,
,
,
,
,
,
,
,
,
,
,
,
,
,
,
,
,
,
,
,
,
,
,
,
,
,
,
,
,
,
,
,
,
,
,
,
,
,
,
,
,
,
,
,
,
,
,
,
,
,
,
,
,
,
,
,
,
,
,
,
,
,
,
,
,
,
,
,
,
,
,
,
,
,
,
,
,
,
,
,
,
,
,
,
,
,
,
,
,
,
,
,
,
,
,
,
,
,
,
,
,
,
,
,
,
,
,
,
,
,
,
,
,
,
,
,
,
,
,
,
,
,
,
,
,
,
,
,
,
,
,
,
,
,
,
,
,
,
,
,
,
,
,
,
,
,
,
,
,
,
,
,
,
,
,
,
,
,
,
,
,
,
,
,
,
,
,
,
,
,
,
,
,
,
,
,
,
,
,
,
,
,
,
,
,
,
,
,
,
,
,
,
,
,
,
,
,
,
,
,
,
,
,
,
,
,
,
,
,
,
,
,
,
,
,
,
,
,
,
,
,
,
,
,
,
,
,
,
,
,
,
,
,
,
,
,
,
,
,
,
,
,
,
,
,
,
,
,
,
,
,
,
,
,
,
,
,
,
,
,
,
,
,
,
,
,
,
,
,
,
,
,
,
,
,
,
,
,
,
,
,
,
,
,
,
,
,
,
,
,
,
,
,
,
,
,
,
,
,
,
,
,
,
,
,
,
,
,
,
,
,
,
,
,
,
,
,
,
,
,
,
,
,
,
,
,
,
,
,
,
,
,
,
,
,
,
,
,
,
,
,
,
,
,
,
,
,
,
,
,
,
,
,
,
,
,
,
,
,
,
,
,
,
,
,
,
,
,
,
,
,
,
,
,
,
,
,
,
,
,
,
,
,
,
,
,
,
,
,
,
,
,
,
,
,
,
,
,
,
,
,
,
,
,
,
,
,
,
,
,
,
,
,
,
,
,
,
,
,
,
,
,
,
,
,
,
,
,
,
,
,
,
,
,
,
,
,
,
,
,
,
,
,
,
,
,
,
,
,
,
,
,
,
,
,
,
,
,
,
,
,
,
,
,
,
,
,
,
,
,
,
,
,
,
,
,
,
,
,
,
,
,
,
,
,
,
,
,
,
,
,
,
,
,
,
,
,
,
,
,
,
,
,
,
,
,
,
,
,
,
,
,
,
,
,
,
,
,
,
,
,
,
,
,
,
,
,
,
,
,
,
,
,
,
,
,
,
,
,
,
,
,
,
,
,
,
,
,
,
,
,
,
,
,
,
,
,
,
,
,
,
,
,
,
,
,
,
,
,
,
,
,
,
,
,
,
,
,
,
,
,
,
,
,
,
,
,
,
,
,
,
,
,
,
,
,
,
,
,
,
,
,
,
,
,
,
,
,
,
,
,
,
,
,
,
,
,
,
,
,
,
,
,
,
,
,
,
,
,
,
,
,
,
,
,
,
,
,
,
,
,
,
,
,
,
,
,
,
,
,
,
,
,
,
,
,
,
,
,
,
,
,
,
,
,
,
,
,
,
,
,
,
,
,
,
,
,
,
,
,
,
,
,
,
,
,
,
,
,
,
,
,
,
,
,
,
,
,
,
,
,
,
,
,
,
,
,
,
,
,
,
,
,
,
,
,
,
,
,
,
,
,
,
,
,
,
,
,
,
,
,
,
,
,
,
,
,
,
,
,
,
,
,
,
,
,
,
,
,
,
,
,
,
,
,
,
,
,
,
,
,
,
,
,
,
,
,
,
,
,
,
,
,
,
,
,
,
,
,
,
,
,
,
,
,
,
,
,
,
,
,
,
,
,
,
,
,
,
,
,
,
,
,
,
,
,
,
,
,
,
,
,
,
,
,
,
,
,
,
,
,
,
,
,
,
,
,
,
,
,
,
,
,
,
,
,
,
,
,
,
,
,
,
,
,
,
,
,
,
,
,
,
,
,
,
,
,
,
,
,
,
,
,
,
,
,
,
,
,
,
,
,
,
,
,
,
,
,
,
,
,
,
,
,
,
,
,
,
,
,
,
,
,
,
,
,
,
,
,
,
,
,
,
,
,
,
,
,
,
,
,
,
,
,
,
,
,
,
,
,
,
,
,
,
,
,
,
,
,
,
,
,
,
,
,
,
,
,
,
,
,
,
,
,
,
,
,
,
,
,
,
,
,
,
,
,
,
,
,
,
,
,
,
,
,
,
,
,
,
,
,
,
,
,
,
,
,
,
,
,
,
,
,
,
,
,
,
,
,
,
,
,
,
,
,
,
,
,
,
,
,
,
,
,
,
,
,
,
,
,
,
,
,
,
,
,
,
,
,
,
,
,
,
,
,
,
,
,
,
,
,
,
,
,
,
,
,
,
,
,
,
,
,
,
,
,
,
,
,
,
,
,
,
,
,
,
,
,
,
,
,
,
,
,
,
,
,
,
,
,
,
,
,
,
,
,
,
,
,
,
,
,
,
,
,
,
,
,
,
,
,
,
,
,
,
,
,
,
,
,
,
,
,
,
,
,
,
,
,
,
,
,
,
,
,
,
,
,
,
,
,
,
,
,
,
,
,
,
,
,
,
,
,
,
,
,
,
,
,
,
,
,
,
,
,
,
,
,
,
,
,
,
,
,
,
,
,
,
,
,
,
,
,
,
,
,
,
,
,
,
,
,
,
,
,
,
,
,
,
,
,
,
,
,
,
,
,
,
,
,
,
,
,
,
,
,
,
,
,
,
,
,
,
,
,
,
,
,
,
,
,
,
,
,
,
,
,
,
,
,
,
,
,
,
,
,
,
,
,
,
,
,
,
,
,
,
,
,
,
,
,
,
,
,
,
,
,
,
,
,
,
,
,
,
,
,
,
,
,
,
,
,
,
,
,
,
,
,
,
,
,
,
,
,
,
,
,
,
,
,
,
,
,
,
,
,
,
,
,
,
,
,
,
,
,
,
,
,
,
,
,
,
,
,
,
,
,
,
,
,
,
,
,
,
,
,
,
,
,
,
,
,
,
,
,
,
,
,
,
,
,
